Hospital,CCN,State,453,454,455,456,457,458,459,460,471,472,473,Hospital_Normalized,Average_Base_Rate,Positive_DRG_Count,CMS_Hospital_Name,CMS_State,CMS_City,CMS_Star_Rating,CMS_Normalized_Name,CMS_Match_Method,CMS_Name_Match_Score,Blue_Distinction,Blue_Distinction_Type,BCBS_Matched_Name,BCBS_Match_Score,BCBS_Match_Method
Texas Health Harris Methodist Hospital Azle,450419,TX,35111,33735,35155,34548,36207,37425,0,36388,34557,34989,34942,TEXAS HEALTH HARRIS METHODIST HOSPITAL AZLE,32096.090909090908,10,TEXAS HEALTH HARRIS METHODIST HOSPITAL AZLE,TX,AZLE,4.0,TEXAS HEALTH HARRIS METHODIST HOSPITAL AZLE,CCN,,Review,BDC,Texas Health Hospital Frisco,85.7,Fuzzy name
Chi St Joseph Health Regional Hospital,450011,TX,10302,9900,10330,10129,10627,10996,10079,10676,10128,10259,10251,CHI ST JOSEPH HEALTH REGIONAL HOSPITAL,10334.272727272728,11,CHI ST JOSEPH HEALTH REGIONAL HOSPITAL,TX,BRYAN,2.0,CHI ST JOSEPH HEALTH REGIONAL HOSPITAL,CCN,,No,,Texas Health Hospital Frisco,69.8,Fuzzy name
University Of Texas Medical Branch At Galveston,450018,TX,13812,13030,13598,14017,14565,14074,14036,14710,13211,13390,13285,UNIVERSITY TEXAS MEDICAL BRANCH GALVESTON,13793.454545454546,11,UNIVERSITY OF TEXAS MEDICAL BRANCH GALVESTON,TX,GALVESTON,3.0,UNIVERSITY TEXAS MEDICAL BRANCH GALVESTON,CCN,,No,,Baylor University Medical Center,57.6,Fuzzy name
Baylor University Medical Center,450021,TX,11762,11762,11762,11762,11762,11762,11762,11762,11762,11762,11762,BAYLOR UNIVERSITY MED CTR,11762.0,11,BAYLOR UNIVERSITY MEDICAL CENTER,TX,DALLAS,4.0,BAYLOR UNIVERSITY MED CTR,CCN,,Yes,BDC,Baylor University Medical Center,100.0,Exact normalized name
University Medical Center Of El Paso,450024,TX,5642,7713,8049,5932,8230,7979,7539,8339,7820,7926,7864,UNIVERSITY MED CTR EL PASO,7548.454545454545,11,UNIVERSITY MEDICAL CENTER OF EL PASO,TX,EL PASO,3.0,UNIVERSITY MED CTR EL PASO,CCN,,Review,BDC,Baylor University Medical Center,83.7,Fuzzy name
Vhs Brownsville Hospital Company Llc,450028,TX,14073,13522,14091,13848,14513,15001,13780,14585,13851,14024,14005,VHS BROWNSVILLE HOSPITAL COMPANY LLC,14117.545454545454,11,VALLEY BAPTIST MEDICAL CENTER- BROWNSVILLE,TX,BROWNSVILLE,3.0,VALLEY BAPTIST MED CTR BROWNSVILLE,CCN,,No,,USMD Hospital at Arlington LP,54.8,Fuzzy name
Laredo Medical Center,450029,TX,7711,8365,8682,7411,7313,7423,6225,6871,6168,6137,5887,LAREDO MED CTR,7108.454545454545,11,LAREDO MEDICAL CENTER,TX,LAREDO,4.0,LAREDO MED CTR,CCN,,No,,Texoma Medical Center,71.4,Fuzzy name
Vhs Harlingen Hospital Company Llc,003300,TX,14691,14115,14710,14456,15150,15659,14385,15226,14459,14640,14620,VHS HARLINGEN HOSPITAL COMPANY LLC,14737.363636363636,11,VHS HARLINGEN HOSPITAL COMPANY LLC,TX,HARLINGEN,2.0,VHS HARLINGEN HOSPITAL COMPANY LLC,Exact/fuzzy hospital name,100.0,No,,USMD Hospital at Arlington LP,66.7,Fuzzy name
Covenant Medical Center,450040,TX,18191,17535,18305,17649,17496,18704,17610,18128,18459,18731,18572,COVENANT MED CTR,18125.454545454544,11,COVENANT MEDICAL CENTER,TX,LUBBOCK,3.0,COVENANT MED CTR,CCN,,No,,Texoma Medical Center,66.7,Fuzzy name
University Of Texas M D Anderson Cancer Center,450076,TX,0,0,0,0,0,0,0,0,0,0,0,UNIVERSITY TEXAS M D ANDERSON CANCER CENTER,0.0,0,UNIVERSITY HEALTH SYSTEM,TX,SAN ANTONIO,3.0,UNIVERSITY,Exact/fuzzy hospital name,100.0,No,,Baylor University Medical Center,61.8,Fuzzy name
Ut Health East Texas Tyler Regional Hospital,450083,TX,11527,11112,11600,11184,11087,11853,11159,11488,11426,11594,11496,UT HEALTH EAST TEXAS TYLER REGIONAL HOSPITAL,11411.454545454546,11,UT HEALTH EAST TEXAS TYLER REGIONAL HOSPITAL,TX,TYLER,2.0,UT HEALTH EAST TEXAS TYLER REGIONAL HOSPITAL,CCN,,Review,BDC,Texas Health Hospital Frisco,85.7,Fuzzy name
Graham Regional Medical Center,450085,TX,7476,7183,7485,7356,7709,7968,7320,7748,7358,7450,7440,GRAHAM REGIONAL MED CTR,7499.363636363636,11,GRAHAM REGIONAL MEDICAL CENTER,TX,GRAHAM,,GRAHAM REGIONAL MED CTR,Exact/fuzzy hospital name,100.0,No,,Texoma Medical Center,66.7,Fuzzy name
Medical City North Hills,450087,TX,15519,14960,15617,15057,14927,15957,15024,15466,15383,15610,15477,MEDICAL CITY NORTH HILLS,15363.363636363636,11,MEDICAL CITY NORTH HILLS,TX,NORTH RICHLAND HILLS,2.0,MEDICAL CITY NORTH HILLS,CCN,,No,,Medical City Dallas,77.4,Fuzzy name
North Texas Medical Center,450090,TX,6954,6683,6973,6837,7174,7423,6804,7207,6836,6925,6920,NORTH TEXAS MED CTR,6976.0,11,NORTH TEXAS MEDICAL CENTER,TX,GAINESVILLE,4.0,NORTH TEXAS MED CTR,CCN,,No,,Texoma Medical Center,72.7,Fuzzy name
Christus Mother Frances Hospital Tyler,450102,TX,8520,8186,8530,8383,8786,9081,8342,8830,8385,8490,8479,CHRISTUS MOTHER FRANCES HOSPITAL TYLER,8546.545454545454,11,CHRISTUS MOTHER FRANCES HOSPITAL,TX,TYLER,4.0,CHRISTUS MOTHER FRANCES HOSPITAL,CCN,,Yes,BDC+,Christus Mother Frances Tyler,100.0,Fuzzy name
Guadalupe Regional Medical Center,450104,TX,6440,6189,6457,6331,6643,6873,6300,6673,6331,6412,6408,GUADALUPE REGIONAL MED CTR,6459.727272727273,11,GUADALUPE REGIONAL MEDICAL CENTER,TX,SEGUIN,2.0,GUADALUPE REGIONAL MED CTR,CCN,,No,,Texoma Medical Center,66.7,Fuzzy name
Connally Memorial Medical Center,450108,TX,11707,11318,11859,11826,11768,12347,10516,12058,11128,10892,10535,CONNALLY MEMORIAL MED CTR,11450.363636363636,11,CONNALLY MEMORIAL MEDICAL CENTER,TX,FLORESVILLE,3.0,CONNALLY MEMORIAL MED CTR,CCN,,No,,Texoma Medical Center,66.7,Fuzzy name
Midland Memorial Hospital,450133,TX,5078,7357,9393,5338,7407,9311,6785,9731,9126,9250,9177,MIDLAND MEMORIAL HOSPITAL,7995.727272727273,11,MIDLAND MEMORIAL HOSPITAL,TX,MIDLAND,1.0,MIDLAND MEMORIAL HOSPITAL,CCN,,Yes,BDC,Midland Memorial Hospital,100.0,Exact normalized name
Baylor Scott & White All Saints Medical Center - Fort Worth,450137,TX,11762,11762,11762,11762,11762,11762,11762,11762,11762,11762,11762,BAYLOR SCOTT AND WHITE ALL STS MED CTR FORT WORTH,11762.0,11,BAYLOR SCOTT AND WHITE ALL SAINTS MEDICAL CENTER,TX,FORT WORTH,4.0,BAYLOR SCOTT AND WHITE ALL STS MED CTR,CCN,,No,,Baylor University Medical Center,71.8,Fuzzy name
Texas Health Cleburne,450148,TX,35111,33735,35155,34548,36207,37425,0,36388,34557,34989,34942,TEXAS HEALTH CLEBURNE,32096.090909090908,10,TEXAS HEALTH HARRIS METHODIST HOSPITAL CLEBURNE,TX,CLEBURNE,5.0,TEXAS HEALTH HARRIS METHODIST HOSPITAL CLEBURNE,CCN,,No,,Texas Health Hospital Frisco,72.7,Fuzzy name
Adventhealth Central Texas,450152,TX,11404,10758,11227,11574,11518,11129,11099,11631,10908,11056,10969,ADVENTHEALTH CENTRAL TEXAS,11206.636363636364,11,ADVENTHEALTH CENTRAL TEXAS,TX,KILLEEN,3.0,ADVENTHEALTH CENTRAL TEXAS,CCN,,No,,Texas Health Hospital Frisco,59.3,Fuzzy name
Grace Surgical Hospital,450162,TX,18002,17353,18115,17466,17315,18510,17427,17940,18006,18272,18116,GRACE SURGICAL HOSPITAL,17865.636363636364,11,GRACE SURGICAL HOSPITAL,TX,LUBBOCK,,GRACE SURGICAL HOSPITAL,CCN,,Review,BDC,Bs&W Surgical Hospital Fort Worth,85.0,Fuzzy name
Ut Health East Texas Jacksonville Hospital,450194,TX,17441,16812,17551,16922,16775,17933,16884,17381,17287,17542,17393,UT HEALTH EAST TEXAS JACKSONVILLE HOSPITAL,17265.545454545456,11,UT HEALTH EAST TEXAS JACKSONVILLE HOSPITAL,TX,JACKSONVILLE,,UT HEALTH EAST TEXAS JACKSONVILLE HOSPITAL,CCN,,Review,BDC,Texas Health Hospital Frisco,85.7,Fuzzy name
Medical City Weatherford,450203,TX,14637,14109,14729,14201,14078,15050,14169,14587,14508,14722,14597,MEDICAL CITY WEATHERFORD,14489.727272727272,11,MEDICAL CITY WEATHERFORD,TX,WEATHERFORD,2.0,MEDICAL CITY WEATHERFORD,CCN,,No,,Medical City Dallas,77.4,Fuzzy name
Ut Health East Texas Carthage Hospital,450210,TX,0,0,0,0,0,0,0,0,0,0,0,UT HEALTH EAST TEXAS CARTHAGE HOSPITAL,0.0,0,UT HEALTH EAST TEXAS CARTHAGE HOSPITAL,TX,CARTHAGE,5.0,UT HEALTH EAST TEXAS CARTHAGE HOSPITAL,CCN,,Review,BDC,Texas Health Hospital Frisco,85.7,Fuzzy name
Hca Houston Healthcare Conroe,450222,TX,13842,13299,13859,13620,14274,14754,13554,22084,13624,13794,13775,HCA HOUSTON HEALTHCARE CONROE,14589.0,11,HCA HOUSTON HEALTHCARE CONROE,TX,CONROE,2.0,HCA HOUSTON HEALTHCARE CONROE,CCN,,No,,HOUSTON METHODIST SUGAR LAND HOSP,54.8,Fuzzy name
Memorial Hospital,450235,TX,16367,15729,16411,16092,16884,17470,16013,16961,16090,16298,16286,MEMORIAL HOSPITAL,16418.272727272728,11,MEMORIAL HOSPITAL,TX,GONZALES,,MEMORIAL HOSPITAL,CCN,,Yes,BDC,MEMORIAL HERMANN SW HOSPITAL,100.0,Fuzzy name
Christus Mother Frances Hospital-sulphur Springs,450236,TX,8194,7873,8204,8063,8450,8734,8024,8492,8065,8166,8155,CHRISTUS MOTHER FRANCES HOSPITAL SULPHUR SPRINGS,8220.0,11,CHRISTUS MOTHER FRANCES HOSPITAL SULPHUR SPRINGS,TX,SULPHUR SPRINGS,4.0,CHRISTUS MOTHER FRANCES HOSPITAL SULPHUR SPRINGS,CCN,,Review,BDC+,Christus Mother Frances Tyler,88.5,Fuzzy name
Jack County Hospital District,450241,TX,0,0,0,0,0,0,0,0,0,0,0,JACK COUNTY HOSPITAL DISTRICT,0.0,0,FAITH COMMUNITY HOSPITAL,TX,JACKSBORO,,FAITH COMMUNITY HOSPITAL,CCN,,No,,HOUSTON METHODIST HOSPITAL,61.8,Fuzzy name
Texas Health Kaufman,450292,TX,35111,33735,35155,34548,36207,37425,0,36388,34557,34989,34942,TEXAS HEALTH KAUFMAN,32096.090909090908,10,TEXAS HEALTH PRESBYTERIAN HOSPITAL KAUFMAN,TX,KAUFMAN,,TEXAS HEALTH PRESBYTERIAN HOSPITAL KAUFMAN,CCN,,No,,Texas Health Hospital Frisco,75.0,Fuzzy name
Baylor Scott & White Medical Center - Waxahachie,450372,TX,11762,11762,11762,11762,11762,11762,11762,11762,11762,11762,11762,BAYLOR SCOTT AND WHITE MED CTR WAXAHACHIE,11762.0,11,BAYLOR SCOTT & WHITE MEDICAL CENTER- WAXAHACHIE,TX,WAXAHACHIE,4.0,BAYLOR SCOTT AND WHITE MED CTR WAXAHACHIE,CCN,,No,,Baylor University Medical Center,71.8,Fuzzy name
Ut Health East Texas Athens Hospital,450389,TX,16246,15660,16348,15762,15625,16704,15727,16190,16103,16340,16201,UT HEALTH EAST TEXAS ATHENS HOSPITAL,16082.363636363636,11,UT HEALTH EAST TEXAS ATHENS HOSPITAL,TX,ATHENS,2.0,UT HEALTH EAST TEXAS ATHENS HOSPITAL,CCN,,Review,BDC,Texas Health Hospital Frisco,85.7,Fuzzy name
Chi St. Luke's Memorial Livingston,450395,TX,9763,9382,9789,9598,10071,10420,9551,10117,9597,9721,9714,CHI ST LUKE S MEMORIAL LIVINGSTON,9793.0,11,CHI ST LUKES HEALTH MEMORIAL LIVINGSTON,TX,LIVINGSTON,4.0,CHI ST LUKES HEALTH MEMORIAL LIVINGSTON,CCN,,No,,TX Health Arlington Memorial Hosp,66.7,Fuzzy name
Baylor Scott & White Medical Center - Uptown,450422,TX,11861,11861,11861,11861,11861,11861,11861,11861,11861,11861,11861,BAYLOR SCOTT AND WHITE MED CTR UPTOWN,11861.0,11,BAYLOR SCOTT AND WHITE MEDICAL CENTER UPTOWN,TX,DALLAS,,BAYLOR SCOTT AND WHITE MED CTR UPTOWN,CCN,,Review,BDC+,B S & W MEDICAL CENTER UPTOWN,85.7,Fuzzy name
Houston Methodist Baytown Hospital,450424,TX,16929,16268,16974,16644,17463,18069,16562,17543,16642,16857,16845,HOUSTON METHODIST BAYTOWN HOSPITAL,16981.454545454544,11,HOUSTON METHODIST BAYTOWN HOSPITAL,TX,BAYTOWN,5.0,HOUSTON METHODIST BAYTOWN HOSPITAL,CCN,,Yes,BDC,HOUSTON METHODIST HOSPITAL,100.0,Fuzzy name
Tyler County Hospital District,450460,TX,7215,6975,7308,7288,7252,7609,6481,7431,6858,6712,6492,TYLER COUNTY HOSPITAL DISTRICT,7056.454545454545,11,TYLER COUNTY HOSPITAL,TX,WOODVILLE,,TYLER COUNTY HOSPITAL,CCN,,No,,HOUSTON METHODIST WEST HOSPITAL,62.3,Fuzzy name
Henderson Hospital Llc,450475,TX,16890,16281,16996,16387,16245,17367,16351,16832,16742,16988,16844,HENDERSON HOSPITAL LLC,16720.272727272728,11,UT HEALTH EAST TEXAS HENDERSON HOSPITAL,TX,HENDERSON,5.0,UT HEALTH EAST TEXAS HENDERSON HOSPITAL,CCN,,No,,MEMORIAL HERMANN SW HOSPITAL,60.0,Fuzzy name
Woodland Heights Medical Center,450484,TX,6443,6294,6357,6844,6452,6882,5518,5916,5038,4844,4805,WOODLAND HEIGHTS MED CTR,5944.818181818182,11,WOODLAND HEIGHTS MEDICAL CENTER,TX,LUFKIN,3.0,WOODLAND HEIGHTS MED CTR,CCN,,No,,Texoma Medical Center,66.7,Fuzzy name
Covenant Hospital Plainview,450539,TX,15815,15244,15914,15344,15211,16261,15310,15760,15475,15703,15570,COVENANT HOSPITAL PLAINVIEW,15600.636363636364,11,COVENANT HOSPITAL PLAINVIEW,TX,PLAINVIEW,4.0,COVENANT HOSPITAL PLAINVIEW,CCN,,No,,DOCTORS HOSPITAL AT RENAISSANCE,61.8,Fuzzy name
Shannon Medical Center,450571,TX,11564,11113,11595,11369,11929,12343,11313,11983,11368,11515,11507,SHANNON MED CTR,11599.90909090909,11,SHANNON MEDICAL CENTER,TX,SAN ANGELO,3.0,SHANNON MED CTR,CCN,,No,,Texoma Medical Center,66.7,Fuzzy name
Hemphill County Hospital,450578,TX,0,0,0,0,0,0,0,0,0,0,0,HEMPHILL COUNTY HOSPITAL,0.0,0,HEMPHILL COUNTY HOSPITAL,TX,CANADIAN,,HEMPHILL COUNTY HOSPITAL,Exact/fuzzy hospital name,100.0,No,,HOUSTON METHODIST HOSPITAL,64.0,Fuzzy name
Hendrick Medical Center Brownwood,450587,TX,6549,6121,6348,6015,6180,6538,4936,5813,4541,4622,4687,HENDRICK MED CTR BROWNWOOD,5668.181818181818,11,HENDRICK MEDICAL CENTER BROWNWOOD,TX,BROWNWOOD,1.0,HENDRICK MED CTR BROWNWOOD,CCN,,Yes,BDC+,HENDRICK MEDICAL CENTER,100.0,Fuzzy name
Dewitt Medical District,450597,TX,16056,15522,16265,16219,16139,16934,14423,16537,15262,14938,14448,DEWITT MEDICAL DISTRICT,15703.90909090909,11,CUERO REGIONAL HOSPITAL,TX,CUERO,4.0,CUERO REGIONAL HOSPITAL,CCN,,No,,Medical City Dallas,61.9,Fuzzy name
Hill Country Memorial Hospital,450604,TX,9225,10007,10386,8866,8749,8881,7447,8220,7379,7342,7043,HILL COUNTRY MEMORIAL HOSPITAL,8504.09090909091,11,HILL COUNTRY MEMORIAL HOSPITAL,TX,FREDERICKSBURG,4.0,HILL COUNTRY MEMORIAL HOSPITAL,CCN,,No,,Midland Memorial Hospital,81.0,Fuzzy name
Medical City Denton,450634,TX,14960,14421,15055,14515,14389,15383,14483,14909,14829,15047,14919,MEDICAL CITY DENTON,14810.0,11,MEDICAL CITY DENTON,TX,DENTON,4.0,MEDICAL CITY DENTON,CCN,,No,,Medical City Dallas,77.4,Fuzzy name
Doctors Hospital Of Laredo,450643,TX,9383,8852,9238,9522,9476,9157,9132,9570,8975,9097,9025,DOCTORS HOSPITAL LAREDO,9220.636363636364,11,DOCTORS HOSPITAL OF LAREDO,TX,LAREDO,4.0,DOCTORS HOSPITAL LAREDO,CCN,,Review,BDC+,DOCTORS HOSPITAL AT RENAISSANCE,82.1,Fuzzy name
Starr County Memorial Hospital,450654,TX,8891,8544,8915,8742,9172,9490,8699,9214,8741,8854,8847,STARR COUNTY MEMORIAL HOSPITAL,8919.0,11,STARR COUNTY MEMORIAL HOSPITAL,TX,RIO GRANDE CITY,2.0,STARR COUNTY MEMORIAL HOSPITAL,CCN,,No,,Midland Memorial Hospital,81.0,Fuzzy name
Nacogdoches Medical Center,450656,TX,8224,7902,8235,8093,8481,8766,8053,8524,8095,8196,8185,NACOGDOCHES MED CTR,8250.363636363636,11,NACOGDOCHES MEDICAL CENTER,TX,NACOGDOCHES,3.0,NACOGDOCHES MED CTR,CCN,,No,,Texoma Medical Center,66.7,Fuzzy name
Hca Houston Healthcare Medical Center,450659,TX,13637,13102,13654,13418,14063,14535,13353,22515,13422,13589,13571,HCA HOUSTON HEALTHCARE MED CTR,14441.727272727272,11,HCA HOUSTON HEALTHCARE MEDICAL CENTER,TX,HOUSTON,4.0,HCA HOUSTON HEALTHCARE MED CTR,CCN,,No,,Texoma Medical Center,66.7,Fuzzy name
Valley Regional Medical Center,450662,TX,17727,17032,17749,17443,18281,18895,17358,18372,17447,17666,17642,VALLEY REGIONAL MED CTR,17782.909090909092,11,VALLEY REGIONAL MEDICAL CENTER,TX,BROWNSVILLE,2.0,VALLEY REGIONAL MED CTR,CCN,,No,,Texoma Medical Center,66.7,Fuzzy name
The Woman's Hospital Of Texas,450674,TX,12865,12361,12881,12659,13267,13713,12597,22084,12662,12821,12803,WOMAN S HOSPITAL TEXAS,13701.181818181818,11,"WOMANS HOSPITAL OF TEXAS,THE",TX,HOUSTON,4.0,WOMANS HOSPITAL TEXAS,CCN,,No,,BS&W TEXAS SPINE & JOINT HOSPITAL,77.8,Fuzzy name
Texas Health Huguley Hospital Fort Worth South,450677,TX,35111,33735,35155,34548,36207,37425,0,36388,34557,34989,34942,TEXAS HEALTH HUGULEY HOSPITAL FORT WORTH SOUTH,32096.090909090908,10,TEXAS HEALTH HUGULEY HOSPITAL FORT WORTH SOUTH,TX,FORT WORTH,3.0,TEXAS HEALTH HUGULEY HOSPITAL FORT WORTH SOUTH,CCN,,Review,BDC,Texas Health Hospital Frisco,85.7,Fuzzy name
White Rock Medical Center,450678,TX,12288,11879,12448,12412,12352,12960,11038,12656,11680,11433,11057,WHITE ROCK MED CTR,12018.454545454546,11,WHITE ROCK MEDICAL CENTER,TX,DALLAS,2.0,WHITE ROCK MED CTR,CCN,,No,,BS&W MEDICAL CENTER ROUND ROCK,80.0,Fuzzy name
University Medical Center,450686,TX,9057,8704,9081,8905,9343,9667,8861,9386,8904,9019,9012,UNIVERSITY MED CTR,9085.363636363636,11,UNIVERSITY MEDICAL CENTER,TX,LUBBOCK,2.0,UNIVERSITY MED CTR,CCN,,Yes,BDC,Baylor University Medical Center,100.0,Fuzzy name
Longview Regional Medical Center,450702,TX,5731,5356,5555,5263,5408,5721,4319,5087,3973,4044,4102,LONGVIEW REGIONAL MED CTR,4959.909090909091,11,LONGVIEW REGIONAL MEDICAL CENTER,TX,LONGVIEW,3.0,LONGVIEW REGIONAL MED CTR,CCN,,No,,Texoma Medical Center,66.7,Fuzzy name
Houston Methodist Clear Lake Hospital,450709,TX,14879,14298,14918,14628,15348,15880,14556,15418,14626,14816,14805,HOUSTON METHODIST CLEAR LAKE HOSPITAL,14924.727272727272,11,HOUSTON METHODIST CLEAR LAKE HOSPITAL,TX,NASSAU BAY,5.0,HOUSTON METHODIST CLEAR LAKE HOSPITAL,CCN,,Yes,BDC,HOUSTON METHODIST HOSPITAL,100.0,Fuzzy name
Carrollton Regional Medical Center,450730,TX,18010,16989,17730,18277,18188,17249,17527,18368,17225,17459,17322,CARROLLTON REGIONAL MED CTR,17667.636363636364,11,CARROLLTON REGIONAL MEDICAL CENTER,TX,CARROLLTON,2.0,CARROLLTON REGIONAL MED CTR,CCN,,No,,Texoma Medical Center,66.7,Fuzzy name
Baylor Scott & White Medical Center - Lake Pointe,450742,TX,10941,10941,10941,10941,10941,10941,10941,10941,10941,10941,10941,BAYLOR SCOTT AND WHITE MED CTR LAKE POINTE,10941.0,11,BAYLOR SCOTT AND WHITE MEDICAL CENTER LAKE POINTE,TX,ROWLETT,4.0,BAYLOR SCOTT AND WHITE MED CTR LAKE POINTE,CCN,,No,,Baylor University Medical Center,71.8,Fuzzy name
Texas Health Denton,450743,TX,35111,33735,35155,34548,36207,37425,0,36388,34557,34989,34942,TEXAS HEALTH DENTON,32096.090909090908,10,TEXAS HEALTH PRESBYTERIAN HOSPITAL DENTON,TX,DENTON,5.0,TEXAS HEALTH PRESBYTERIAN HOSPITAL DENTON,CCN,,No,,Texas Health Hospital Frisco,77.4,Fuzzy name
Tops Surgical Specialty Hospital,450774,TX,18785,18048,18808,18484,19371,20023,18393,19468,18488,18720,18694,TOPS SURGICAL SPECIALTY HOSPITAL,18843.81818181818,11,TOPS SURGICAL SPECIALTY HOSPITAL,TX,HOUSTON,,TOPS SURGICAL SPECIALTY HOSPITAL,CCN,,No,,PHYSICIANS SURGICAL HOSPITALS LLC,70.8,Fuzzy name
Texas Health Southwest Fort Worth,450779,TX,35111,33735,35155,34548,36207,37425,0,36388,34557,34989,34942,TEXAS HEALTH SOUTHWEST FORT WORTH,32096.090909090908,10,TEXAS HEALTH HARRIS METHODIST HOSPITAL SOUTHWEST F,TX,FORT WORTH,5.0,TEXAS HEALTH HARRIS METHODIST HOSPITAL SOUTHWEST F,CCN,,No,,Texas Health Hospital Frisco,65.6,Fuzzy name
Texas Orthopedic Hospital,450804,TX,9227,8865,9238,9079,9515,9835,9035,19121,9081,9195,9183,TEXAS ORTHOPEDIC HOSPITAL,10124.90909090909,11,TEXAS ORTHOPEDIC HOSPITAL,TX,HOUSTON,,TEXAS ORTHOPEDIC HOSPITAL,CCN,,Yes,BDC,TEXAS ORTHOPEDIC HOSPITAL,100.0,Exact normalized name
Northwest Hills Surgical Hospital,450808,TX,0,0,0,0,0,0,0,0,0,0,0,NORTHWEST HILLS SURGICAL HOSPITAL,0.0,0,NORTHWEST HILLS SURGICAL HOSPITAL,TX,AUSTIN,,NORTHWEST HILLS SURGICAL HOSPITAL,CCN,,No,,Bs&W Surgical Hospital Fort Worth,71.4,Fuzzy name
Medical City Las Colinas,450822,TX,14707,14177,14800,14269,14146,15122,14238,14657,14578,14793,14667,MEDICAL CITY LAS COLINAS,14559.454545454546,11,MEDICAL CITY LAS COLINAS,TX,IRVING,4.0,MEDICAL CITY LAS COLINAS,CCN,,No,,Medical City Dallas,79.1,Fuzzy name
Cornerstone Regional Hospital,450825,TX,4995,4712,4917,5069,5044,4874,4861,5094,4777,4842,4804,CORNERSTONE REGIONAL HOSPITAL,4908.090909090909,11,CORNERSTONE REGIONAL HOSPITAL,TX,EDINBURG,,CORNERSTONE REGIONAL HOSPITAL,CCN,,No,,DOCTORS HOSPITAL AT RENAISSANCE,63.2,Fuzzy name
Kell West Regional Hospital Llc,450827,TX,4413,4254,4441,4282,4245,4538,4272,4398,4375,4439,4401,KELL WEST REGIONAL HOSPITAL LLC,4368.909090909091,11,KELL WEST REGIONAL HOSPITAL,TX,WICHITA FALLS,,KELL WEST REGIONAL HOSPITAL,CCN,,No,,PHYSICIANS SURGICAL HOSPITALS LLC,59.4,Fuzzy name
"Surgery Specialty Hospitals Of America, S.e. Houston",450831,TX,7485,7236,7582,7560,7523,7894,6723,7709,7114,6964,6735,SURGERY SPECIALTY HOSPITALS AMERICA S E HOUSTON,7320.454545454545,11,SURGERY SPECIALTY HOSPITALS OF AMERICA SE HOUSTON,TX,PASADENA,,SURGERY SPECIALTY HOSPITALS AMERICA SE HOUSTON,CCN,,No,,METHODIST HOSPITAL FOR SURGERY,59.7,Fuzzy name
Ennis Regional Medical Center,450833,TX,8187,7996,8077,8695,8198,8744,7010,7517,6401,6154,6105,ENNIS REGIONAL MED CTR,7553.090909090909,11,ENNIS REGIONAL MEDICAL CENTER,TX,ENNIS,,ENNIS REGIONAL MED CTR,CCN,,No,,Texoma Medical Center,66.7,Fuzzy name
The Physicians Centre Hospital,450834,TX,5642,8175,9200,5932,8230,9401,7539,9112,9062,9196,9118,PHYSICIANS CENTRE HOSPITAL,8237.0,11,"PHYSICIANS CENTRE,THE",TX,BRYAN,,PHYSICIANS CENTRE,CCN,,No,,PHYSICIANS SURGICAL HOSPITALS LLC,64.4,Fuzzy name
Texas Health Presbyterian Hospital Allen,450840,TX,35111,33735,35155,34548,36207,37425,0,36388,34557,34989,34942,TEXAS HEALTH PRESBYTERIAN HOSPITAL ALLEN,32096.090909090908,10,TEXAS HEALTH PRESBYTERIAN HOSPITAL ALLEN,TX,ALLEN,4.0,TEXAS HEALTH PRESBYTERIAN HOSPITAL ALLEN,CCN,,Review,BDC,Texas Health Hospital Frisco,85.7,Fuzzy name
Baylor Scott & White Heart And Vascular Hospital - Dallas,450851,TX,12230,12230,12230,12230,12230,12230,12230,12230,12230,12230,12230,BAYLOR SCOTT AND WHITE HEART AND VASCULAR HOSPITAL DALLAS,12230.0,11,BAYLOR SCOTT & WHITE HEART & VASCULAR HOSPITAL - DALLAS,TX,DALLAS,5.0,BAYLOR SCOTT AND WHITE HEART AND VASCULAR HOSPITAL DALLAS,CCN,,No,,Bs&W Surgical Hospital Fort Worth,57.8,Fuzzy name
Baylor Scott & White Medical Center - Frisco,450853,TX,11861,11861,11861,11861,11861,11861,11861,11861,11861,11861,11861,BAYLOR SCOTT AND WHITE MED CTR FRISCO,11861.0,11,BAYLOR SCOTT & WHITE MEDICAL CENTER - FRISCO,TX,FRISCO,3.0,BAYLOR SCOTT AND WHITE MED CTR FRISCO,CCN,,Review,BDC,BS&W MEDICAL CENTER FRISCO,87.8,Fuzzy name
South Texas Spine & Surgical Hospital,450856,TX,12805,12303,12821,12600,13205,13649,12538,13271,12603,12761,12743,SOUTH TEXAS SPINE AND SURGICAL HOSPITAL,12845.363636363636,11,SOUTH TEXAS SPINE AND SURGICAL HOSPITAL,TX,SAN ANTONIO,,SOUTH TEXAS SPINE AND SURGICAL HOSPITAL,CCN,,Yes,BDC+,SOUTH TEXAS SPINE & SURGICAL HOSP,94.6,Fuzzy name
Memorial Hermann Surgical Hospital First Colony,450860,TX,9308,8943,9319,9159,9598,9921,9114,9646,9161,9276,9263,MEMORIAL HERMANN SURGICAL HOSPITAL FIRST COLONY,9337.09090909091,11,SUGAR LAND SURGICAL HOSPITAL LLP,TX,SUGAR LAND,,SUGAR LAND SURGICAL HOSPITAL LLP,CCN,,Yes,BDC,MEMORIAL HERMANN SW HOSPITAL,94.3,Fuzzy name
Baylor Scott & White Texas Spine & Joint Hospital,450864,TX,10062,10062,10062,10062,10062,10062,10062,10062,10062,10062,10062,BAYLOR SCOTT AND WHITE TEXAS SPINE AND JOINT HOSPITAL,10062.0,11,BAYLOR SCOTT & WHITE TEXAS SPINE & JOINT HOSPITAL,TX,TYLER,5.0,BAYLOR SCOTT AND WHITE TEXAS SPINE AND JOINT HOSPITAL,CCN,,Yes,BDC+,BS&W TEXAS SPINE & JOINT HOSPITAL,92.3,Fuzzy name
Arise Austin Medical Center,450871,TX,6138,12045,13564,11977,11202,19557,11918,15267,6034,6112,6107,ARISE AUSTIN MED CTR,10901.90909090909,11,,,,,,No match,82.4,No,,Ascension Seton Med Center Austin,67.9,Fuzzy name
"Usmd Hospital At Arlington, L.p.",450872,TX,35111,33735,35155,34548,36207,37425,0,36388,34557,34989,34942,USMD HOSPITAL ARLINGTON L P,32096.090909090908,10,USMD HOSPITAL AT ARLINGTON L P,TX,ARLINGTON,,USMD HOSPITAL ARLINGTON L P,CCN,,Yes,BDC,USMD Hospital at Arlington LP,98.1,Fuzzy name
Baylor Scott & White Surgical Hospital - Las Colinas,450874,TX,11861,11861,11861,11861,11861,11861,11861,11861,11861,11861,11861,BAYLOR SCOTT AND WHITE SURGICAL HOSPITAL LAS COLINAS,11861.0,11,BAYLOR SURGICAL HOSPITAL AT LAS COLINAS,TX,IRVING,,BAYLOR SURGICAL HOSPITAL LAS COLINAS,CCN,,Review,BDC,BAYLOR SURGICAL HOSP LAS COLINAS,91.5,Fuzzy name
"Physicians Surgical Hospitals, Llc",450875,TX,11851,11389,11883,11652,12225,12649,11594,12281,11650,11801,11793,PHYSICIANS SURGICAL HOSPITALS LLC,11888.0,11,QUAIL CREEK SURGICAL HOSPITAL,TX,AMARILLO,,QUAIL CREEK SURGICAL HOSPITAL,CCN,,Yes,BDC+,PHYSICIANS SURGICAL HOSPITALS LLC,100.0,Exact normalized name
Lubbock Heart Hospital,450876,TX,12598,12104,12614,12396,12991,13428,12335,13056,12399,12554,12537,LUBBOCK HEART HOSPITAL,12637.454545454546,11,LUBBOCK HEART HOSPITAL LP,TX,LUBBOCK,2.0,LUBBOCK HEART HOSPITAL LP,CCN,,No,,USMD Hospital at Arlington LP,62.5,Fuzzy name
Baylor Scott & White Surgical Hospital - Fort Worth,450880,TX,11861,11861,11861,11861,11861,11861,11861,11861,11861,11861,11861,BAYLOR SCOTT AND WHITE SURGICAL HOSPITAL FORT WORTH,11861.0,11,BAYLOR SCOTT AND WHITE SURGICAL HOSPITAL FORTWORTH,TX,FORT WORTH,,BAYLOR SCOTT AND WHITE SURGICAL HOSPITAL FORTWORTH,CCN,,Yes,BDC,Bs&W Surgical Hospital Fort Worth,92.8,Fuzzy name
Baylor Scott & White Medical Center - Trophy Club,450883,TX,11861,11861,11861,11861,11861,11861,11861,11861,11861,11861,11861,BAYLOR SCOTT AND WHITE MED CTR TROPHY CLUB,11861.0,11,BAYLOR MEDICAL CENTER AT TROPHY CLUB,TX,TROPHY CLUB,,BAYLOR MED CTR TROPHY CLUB,CCN,,No,,Baylor University Medical Center,71.8,Fuzzy name
Baylor Scott & White Medical Center - Centennial,450885,TX,10941,10941,10941,10941,10941,10941,10941,10941,10941,10941,10941,BAYLOR SCOTT AND WHITE MED CTR CENTENNIAL,10941.0,11,BAYLOR SCOTT &  WHITE MEDICAL CENTER - CENTENNIAL,TX,FRISCO,5.0,BAYLOR SCOTT AND WHITE MED CTR CENTENNIAL,CCN,,No,,Baylor University Medical Center,71.8,Fuzzy name
Texas Health Harris Methodist Hospital Southlake,450888,TX,35111,33735,35155,34548,36207,37425,0,36388,34557,34989,34942,TEXAS HEALTH HARRIS METHODIST HOSPITAL SOUTHLAKE,32096.090909090908,10,TEXAS HEALTH HARRIS METHODIST HOSPITAL SOUTHLAKE,TX,SOUTHLAKE,,TEXAS HEALTH HARRIS METHODIST HOSPITAL SOUTHLAKE,CCN,,Yes,BDC,Methodist Southlake Hospital,100.0,Fuzzy name
Texas Institute For Surgery At Presbyterian Hospital Dallas,450889,TX,35111,33735,35155,34548,36207,37425,0,36388,34557,34989,34942,TEXAS INSTITUTE FOR SURGERY PRESBYTERIAN HOSPITAL DALLAS,32096.090909090908,10,TEXAS INSTITUTE FOR SURGERY AT PRESBYTERIAN HOSPIT,TX,DALLAS,,TEXAS INSTITUTE FOR SURGERY PRESBYTERIAN HOSPIT,CCN,,No,,METHODIST HOSPITAL FOR SURGERY,80.0,Fuzzy name
Baylor Scott & White Medical Center - Plano,450890,TX,11762,11762,11762,11762,11762,11762,11762,11762,11762,11762,11762,BAYLOR SCOTT AND WHITE MED CTR PLANO,11762.0,11,BAYLOR SCOTT & WHITE MEDICAL CENTER PLANO,TX,PLANO,4.0,BAYLOR SCOTT AND WHITE MED CTR PLANO,CCN,,No,,Baylor University Medical Center,71.8,Fuzzy name
Texas Health Center For Diagnostics & Surgery Plano,450891,TX,35111,33735,35155,34548,36207,37425,0,36388,34557,34989,34942,TEXAS HEALTH CENTER FOR DIAGNOSTICS AND SURGERY PLANO,32096.090909090908,10,TEXAS HEALTH CENTER FOR DIAGNOSTICS & SURGERY PLAN,TX,PLANO,,TEXAS HEALTH CENTER FOR DIAGNOSTICS AND SURGERY PLAN,CCN,,No,,Texas Health Hospital Frisco,60.0,Fuzzy name
Thhbp Management Company Llc,450893,TX,12230,12230,12230,12230,12230,12230,12230,12230,12230,12230,12230,THHBP MANAGEMENT COMPANY LLC,12230.0,11,THE HEART HOSPITAL BAYLOR DENTON,TX,DENTON,5.0,HEART HOSPITAL BAYLOR DENTON,CCN,,No,,LEGENT ORTHOPEDIC HOSPITAL,48.1,Fuzzy name
Parmer county community hospital,451300,TX,0,0,0,0,0,0,0,0,0,0,0,PARMER COUNTY COMMUNITY HOSPITAL,0.0,0,PARMER COUNTY COMMUNITY HOSPITAL,TX,FRIONA,,PARMER COUNTY COMMUNITY HOSPITAL,CCN,,No,,Methodist Southlake Hospital,60.0,Fuzzy name
Muenster memorial hospital,451335,TX,0,0,0,0,0,0,0,0,0,0,0,MUENSTER MEMORIAL HOSPITAL,0.0,0,MUENSTER MEMORIAL HOSPITAL,TX,MUENSTER,,MUENSTER MEMORIAL HOSPITAL,CCN,,No,,Midland Memorial Hospital,81.0,Fuzzy name
Throckmorton County Memorial Hosp,451339,TX,4287,4144,4343,4330,4309,4521,3851,4415,4075,3988,3857,THROCKMORTON COUNTY MEMORIAL HOSP,4192.727272727273,11,THROCKMORTON COUNTY MEMORIAL HOSPITAL,TX,THROCKMORTON,,THROCKMORTON COUNTY MEMORIAL HOSPITAL,CCN,,No,,TX Health Arlington Memorial Hosp,60.6,Fuzzy name
Golden plains community hospital,451369,TX,6237,5992,6244,6137,6431,6648,6107,6464,6138,6215,6207,GOLDEN PLAINS COMMUNITY HOSPITAL,6256.363636363636,11,GOLDEN PLAINS COMMUNITY HOSPITAL,TX,BORGER,,GOLDEN PLAINS COMMUNITY HOSPITAL,CCN,,No,,Midland Memorial Hospital,59.6,Fuzzy name
Texas Health Specialty Hospital Forth Worth,452018,TX,0,0,0,0,0,0,0,0,0,0,0,TEXAS HEALTH SPECIALTY HOSPITAL FORTH WORTH,0.0,0,,,,,,No match,85.7,Review,BDC,Texas Health Hospital Frisco,85.7,Fuzzy name
Select Specialty Hospital- Dallas,452022,TX,0,0,0,0,0,0,0,0,0,0,0,SELECT SPECIALTY HOSPITAL DALLAS,0.0,0,,,,,,No match,80.0,No,,Legent Hospital for Special Sx,67.7,Fuzzy name
Kindred Hospital Tarrant County,452028,TX,0,0,0,0,0,0,0,0,0,0,0,KINDRED HOSPITAL TARRANT COUNTY,0.0,0,,,,,,No match,85.7,No,,DOCTORS HOSPITAL AT RENAISSANCE,57.6,Fuzzy name
Continuecare Hospital At Hendrick Medical Center,452029,TX,5642,8175,10856,5932,8230,11035,7539,13669,10165,16918,18958,CONTINUECARE HOSPITAL HENDRICK MED CTR,10647.181818181818,11,MEDICAL CENTER HOSPITAL,TX,ODESSA,3.0,MED CTR HOSPITAL,Exact/fuzzy hospital name,100.0,Yes,BDC+,HENDRICK MEDICAL CENTER,100.0,Fuzzy name
Cornerstone Specialty Hospitals Clear Lake,452032,TX,0,0,0,0,0,0,0,0,0,0,0,CORNERSTONE SPECIALTY HOSPITALS CLEAR LAKE,0.0,0,,,,,,No match,70.5,No,,Legent Hospital for Special Sx,61.1,Fuzzy name
Texas Neurorehab Center,452038,TX,0,0,0,0,0,0,0,0,0,0,0,TEXAS NEUROREHAB CENTER,0.0,0,,,,,,No match,68.6,No,,Texoma Medical Center,54.1,Fuzzy name
Carrus Specialty Hospital,452041,TX,0,0,0,0,0,0,0,0,0,0,0,CARRUS SPECIALTY HOSPITAL,0.0,0,,,,,,No match,83.7,No,,Legent Hospital for Special Sx,65.5,Fuzzy name
Christus Dubuis Hospital Of Beaumont,452042,TX,0,0,0,0,0,0,0,0,0,0,0,CHRISTUS DUBUIS HOSPITAL BEAUMONT,0.0,0,,,,,,No match,81.0,No,,HOUSTON METHODIST WEST HOSPITAL,59.4,Fuzzy name
Lifecare Hospitals Of North Texas,452044,TX,0,0,0,0,0,0,0,0,0,0,0,LIFECARE HOSPITALS NORTH TEXAS,0.0,0,,,,,,No match,82.1,No,,TEXAS ORTHOPEDIC HOSPITAL,69.1,Fuzzy name
Cornerstone Specialty Hospitals Houston Medical Center,452046,TX,0,0,0,0,0,0,0,0,0,0,0,CORNERSTONE SPECIALTY HOSPITALS HOUSTON MED CTR,0.0,0,,,,,,No match,90.9,No,,Texoma Medical Center,66.7,Fuzzy name
Ut Health East Texas Long Term Acute Care,452051,TX,0,0,0,0,0,0,0,0,0,0,0,UT HEALTH EAST TEXAS LONG TERM ACUTE CARE,0.0,0,,,,,,No match,72.9,No,,Texas Health Hospital Frisco,60.0,Fuzzy name
Pam Specialty Hospital Of Victoria South,452056,TX,0,0,0,0,0,0,0,0,0,0,0,PAM SPECIALTY HOSPITAL VICTORIA SOUTH,0.0,0,,,,,,No match,80.0,No,,Legent Hospital for Special Sx,59.7,Fuzzy name
"Nexus Specialty Hospital - The Woodlands, Ltd.",452057,TX,0,0,0,0,0,0,0,0,0,0,0,NEXUS SPECIALTY HOSPITAL WOODLANDS LTD,0.0,0,THE WOODLANDS SPECIALTY HOSPITAL,TX,SPRING,,WOODLANDS SPECIALTY HOSPITAL,Exact/fuzzy hospital name,100.0,No,,Chi St Lukes The Woodlands Hsptl,66.7,Fuzzy name
Pam Specialty Hospital Of San Antonio Medical Center,452059,TX,0,0,0,0,0,0,0,0,0,0,0,PAM SPECIALTY HOSPITAL SAN ANTONIO MED CTR,0.0,0,MEDICAL CENTER HOSPITAL,TX,ODESSA,3.0,MED CTR HOSPITAL,Exact/fuzzy hospital name,100.0,No,,Texoma Medical Center,66.7,Fuzzy name
Pam Specialty Hospital Of Texarkana North,452061,TX,0,0,0,0,0,0,0,0,0,0,0,PAM SPECIALTY HOSPITAL TEXARKANA NORTH,0.0,0,,,,,,No match,80.0,No,,NORTH CENTRAL BAPTIST HOSPITAL,67.6,Fuzzy name
Kpc Promise Hospital Of Dallas Llc,452067,TX,0,0,0,0,0,0,0,0,0,0,0,KPC PROMISE HOSPITAL DALLAS LLC,0.0,0,,,,,,No match,80.0,No,,PHYSICIANS SURGICAL HOSPITALS LLC,56.2,Fuzzy name
Kpc Promise Hospital Of Wichita Falls Llc,452068,TX,0,0,0,0,0,0,0,0,0,0,0,KPC PROMISE HOSPITAL WICHITA FALLS LLC,0.0,0,,,,,,No match,80.0,No,,PHYSICIANS SURGICAL HOSPITALS LLC,59.2,Fuzzy name
Kindred Hospital - San Antonio Central,452073,TX,0,0,0,0,0,0,0,0,0,0,0,KINDRED HOSPITAL SAN ANTONIO CENTRAL,0.0,0,,,,,,No match,80.0,No,,NORTH CENTRAL BAPTIST HOSPITAL,69.7,Fuzzy name
Kindred Hospital Clear Lake,452075,TX,0,0,0,0,0,0,0,0,0,0,0,KINDRED HOSPITAL CLEAR LAKE,0.0,0,,,,,,No match,82.6,No,,Midland Memorial Hospital,61.5,Fuzzy name
Kindred Hospital El Paso,452079,TX,0,0,0,0,0,0,0,0,0,0,0,KINDRED HOSPITAL EL PASO,0.0,0,,,,,,No match,82.4,No,,Midland Memorial Hospital,61.2,Fuzzy name
Pam Specialty Hospital Of Corpus Christi North,452086,TX,0,0,0,0,0,0,0,0,0,0,0,PAM SPECIALTY HOSPITAL CORPUS CHRISTI NORTH,0.0,0,,,,,,No match,80.0,No,,NORTH CENTRAL BAPTIST HOSPITAL,63.6,Fuzzy name
Select Specialty Hospital Longview,452087,TX,0,0,0,0,0,0,0,0,0,0,0,SELECT SPECIALTY HOSPITAL LONGVIEW,0.0,0,,,,,,No match,80.0,No,,Legent Hospital for Special Sx,68.8,Fuzzy name
Pam Specialty Hospital Of San Antonio,452090,TX,0,0,0,0,0,0,0,0,0,0,0,PAM SPECIALTY HOSPITAL SAN ANTONIO,0.0,0,,,,,,No match,80.0,No,,Legent Hospital for Special Sx,62.5,Fuzzy name
Tyler Continuecare Hospital,452091,TX,0,0,0,0,0,0,0,0,0,0,0,TYLER CONTINUECARE HOSPITAL,0.0,0,,,,,,No match,80.0,No,,TEXAS ORTHOPEDIC HOSPITAL,61.5,Fuzzy name
Solara Specialty Hospitals Mcallen,452095,TX,0,0,0,0,0,0,0,0,0,0,0,SOLARA SPECIALTY HOSPITALS MCALLEN,0.0,0,,,,,,No match,72.7,No,,Legent Hospital for Special Sx,62.5,Fuzzy name
Laredo Specialty Hospital,452096,TX,0,0,0,0,0,0,0,0,0,0,0,LAREDO SPECIALTY HOSPITAL,0.0,0,,,,,,No match,83.7,No,,Legent Hospital for Special Sx,69.1,Fuzzy name
Vibra Specialty Hospital,452097,TX,0,0,0,0,0,0,0,0,0,0,0,VIBRA SPECIALTY HOSPITAL,0.0,0,,,,,,No match,85.7,No,,Midland Memorial Hospital,65.3,Fuzzy name
Mesquite Specialty Hospital,452100,TX,0,0,0,0,0,0,0,0,0,0,0,MESQUITE SPECIALTY HOSPITAL,0.0,0,,,,,,No match,80.0,No,,Legent Hospital for Special Sx,66.7,Fuzzy name
Solara Specialty Hospitals Harlingen,452101,TX,0,0,0,0,0,0,0,0,0,0,0,SOLARA SPECIALTY HOSPITALS HARLINGEN,0.0,0,,,,,,No match,69.2,No,,USMD Hospital at Arlington LP,64.5,Fuzzy name
Covenant Specialty Hospital,452102,TX,0,0,0,0,0,0,0,0,0,0,0,COVENANT SPECIALTY HOSPITAL,0.0,0,,,,,,No match,80.0,No,,Legent Hospital for Special Sx,73.7,Fuzzy name
Baylor Scott & White Continuing Care Hospital,452105,TX,0,0,0,0,0,0,0,0,0,0,0,BAYLOR SCOTT AND WHITE CONTINUING CARE HOSPITAL,0.0,0,,,,,,No match,88.6,No,,BS&W TEXAS SPINE & JOINT HOSPITAL,58.5,Fuzzy name
Cornerstone Specialty Hospitals Conroe,452107,TX,0,0,0,0,0,0,0,0,0,0,0,CORNERSTONE SPECIALTY HOSPITALS CONROE,0.0,0,,,,,,No match,74.6,No,,PHYSICIANS SURGICAL HOSPITALS LLC,56.3,Fuzzy name
Horizon Medical Center Of Denton,452111,TX,0,0,0,0,0,0,0,0,0,0,0,HORIZON MED CTR DENTON,0.0,0,,,,,,No match,73.7,No,,EMINENT MEDICAL CENTER OPERATING,68.1,Fuzzy name
Houston Methodist Continuing Care Hospital,452118,TX,0,0,0,0,0,0,0,0,0,0,0,HOUSTON METHODIST CONTINUING CARE HOSPITAL,0.0,0,HOUSTON METHODIST HOSPITAL,TX,HOUSTON,5.0,HOUSTON METHODIST HOSPITAL,Exact/fuzzy hospital name,100.0,Yes,BDC,HOUSTON METHODIST HOSPITAL,100.0,Fuzzy name
Continuecare Hospital At Medical Center Odessa,452121,TX,0,0,0,0,0,0,0,0,0,0,0,CONTINUECARE HOSPITAL MED CTR ODESSA,0.0,0,MEDICAL CENTER HOSPITAL,TX,ODESSA,3.0,MED CTR HOSPITAL,Exact/fuzzy hospital name,100.0,No,,Texoma Medical Center,66.7,Fuzzy name
El Paso Ltac Hospital,452122,TX,0,0,0,0,0,0,0,0,0,0,0,EL PASO LTAC HOSPITAL,0.0,0,,,,,,No match,86.5,No,,Legent Hospital for Special Sx,62.7,Fuzzy name
Tirr Memorial Hermann,453025,TX,19428,18666,19452,19116,20034,20708,19023,20134,19121,19360,19334,TIRR MEMORIAL HERMANN,19488.727272727272,11,MEMORIAL HERMANN HOSPITAL SYSTEM,TX,HOUSTON,3.0,MEMORIAL HERMANN,Exact/fuzzy hospital name,100.0,Review,BDC,MEMORIAL HERMANN SW HOSPITAL,86.5,Fuzzy name
Encompass Health Rehabilitation Hospital Of Humble,453029,TX,0,0,0,0,0,0,0,0,0,0,0,ENCOMPASS HEALTH REHABILITATION HOSPITAL HUMBLE,0.0,0,,,,,,No match,80.0,No,,Texas Health Hospital Frisco,69.8,Fuzzy name
Encompass Health Rehabilitation Hospital Of San Antonio,453031,TX,0,0,0,0,0,0,0,0,0,0,0,ENCOMPASS HEALTH REHABILITATION HOSPITAL SAN ANTONIO,0.0,0,,,,,,No match,80.0,No,,Texas Health Hospital Frisco,69.8,Fuzzy name
Warm Springs Rehabilitation Hospital Of San Antonio,453035,TX,0,0,0,0,0,0,0,0,0,0,0,WARM SPRINGS REHABILITATION HOSPITAL SAN ANTONIO,0.0,0,,,,,,No match,80.0,No,,BS&W TEXAS SPINE & JOINT HOSPITAL,55.4,Fuzzy name
Encompass Health Rehabilitation Hospital Of Arlington,453040,TX,0,0,0,0,0,0,0,0,0,0,0,ENCOMPASS HEALTH REHABILITATION HOSPITAL ARLINGTON,0.0,0,,,,,,No match,80.0,No,,USMD Hospital at Arlington LP,81.8,Fuzzy name
Encompass Health Rehabilitation Hospital Of City View,453042,TX,0,0,0,0,0,0,0,0,0,0,0,ENCOMPASS HEALTH REHABILITATION HOSPITAL CITY VIEW,0.0,0,,,,,,No match,80.0,No,,Texas Health Hospital Frisco,69.8,Fuzzy name
Encompass Health Rehabilitation Hospital Of Plano,453047,TX,0,0,0,0,0,0,0,0,0,0,0,ENCOMPASS HEALTH REHABILITATION HOSPITAL PLANO,0.0,0,,,,,,No match,80.0,No,,Texas Health Hospital Frisco,69.8,Fuzzy name
Pam Rehabilitation Hospital Of Beaumont,453048,TX,0,0,0,0,0,0,0,0,0,0,0,PAM REHABILITATION HOSPITAL BEAUMONT,0.0,0,,,,,,No match,81.0,No,,Midland Memorial Hospital,59.0,Fuzzy name
Encompass Health Rehabilitation Hospital Of Texarkana,453053,TX,0,0,0,0,0,0,0,0,0,0,0,ENCOMPASS HEALTH REHABILITATION HOSPITAL TEXARKANA,0.0,0,,,,,,No match,80.0,No,,Texas Health Hospital Frisco,69.8,Fuzzy name
Encompass Health Rehabilitation Hospital Of Wichita Falls,453054,TX,0,0,0,0,0,0,0,0,0,0,0,ENCOMPASS HEALTH REHABILITATION HOSPITAL WICHITA FALLS,0.0,0,,,,,,No match,80.0,No,,Texas Health Hospital Frisco,69.8,Fuzzy name
"Christus Trinity Mother Frances Rehabilitation Hospital, A Partner Of",453056,TX,0,0,0,0,0,0,0,0,0,0,0,CHRISTUS TRINITY MOTHER FRANCES REHABILITATION HOSPITAL A PARTNER,0.0,0,CHRISTUS MOTHER FRANCES HOSPITAL,TX,TYLER,4.0,CHRISTUS MOTHER FRANCES HOSPITAL,Exact/fuzzy hospital name,100.0,Review,BDC+,Christus Mother Frances Tyler,88.5,Fuzzy name
Encompass Health Rehabilitation Hospital Of Midland Odessa,453057,TX,0,0,0,0,0,0,0,0,0,0,0,ENCOMPASS HEALTH REHABILITATION HOSPITAL MIDLAND ODESSA,0.0,0,,,,,,No match,80.0,No,,Midland Memorial Hospital,78.0,Fuzzy name
Encompass Health Rehabilitation Hospital Of The Woodlands,453059,TX,0,0,0,0,0,0,0,0,0,0,0,ENCOMPASS HEALTH REHABILITATION HOSPITAL WOODLANDS,0.0,0,,,,,,No match,80.0,No,,Texas Health Hospital Frisco,69.8,Fuzzy name
Weslaco Regional Rehabilitation Hospital,453091,TX,0,0,0,0,0,0,0,0,0,0,0,WESLACO REGIONAL REHABILITATION HOSPITAL,0.0,0,,,,,,No match,87.2,No,,Texas Health Hospital Frisco,58.8,Fuzzy name
South Texas Rehabilitation Hospital,453092,TX,0,0,0,0,0,0,0,0,0,0,0,SOUTH TEXAS REHABILITATION HOSPITAL,0.0,0,SOUTH TEXAS HEALTH SYSTEM,TX,EDINBURG,4.0,SOUTH TEXAS,Exact/fuzzy hospital name,100.0,No,,TEXAS ORTHOPEDIC HOSPITAL,71.8,Fuzzy name
Vibra Rehabilitation Hospital Of Amarillo,453096,TX,0,0,0,0,0,0,0,0,0,0,0,VIBRA REHABILITATION HOSPITAL AMARILLO,0.0,0,,,,,,No match,84.2,No,,Texas Health Hospital Frisco,57.6,Fuzzy name
Covenant Children's Hospital,453306,TX,24799,23904,24955,24060,23852,25498,24007,24713,21335,21650,21466,COVENANT CHILDREN S HOSPITAL,23658.090909090908,11,COVENANT CHILDRENS HOSPITAL,TX,LUBBOCK,,COVENANT CHILDRENS HOSPITAL,CCN,,No,,MEMORIAL HERMANN SW HOSPITAL,60.7,Fuzzy name
"Healthbridge Children's Hospital - Houston, Ltd.",453309,TX,0,0,0,0,0,0,0,0,0,0,0,HEALTHBRIDGE CHILDREN S HOSPITAL HOUSTON LTD,0.0,0,HEALTHBRIDGE CHILDRENS'S HOSPITAL OF HOUSTON,TX,HOUSTON,,HEALTHBRIDGE CHILDRENS S HOSPITAL HOUSTON,CCN,,No,,HOUSTON METHODIST HOSPITAL,76.2,Fuzzy name
Texas Scottish Rite Hospital For Children,453314,TX,0,0,0,0,0,0,0,0,0,0,0,TEXAS SCOTTISH RITE HOSPITAL FOR CHILDREN,0.0,0,TEXAS SCOTTISH RITE HOSPITAL FOR CHILDREN,TX,DALLAS,,TEXAS SCOTTISH RITE HOSPITAL FOR CHILDREN,CCN,,No,,TEXAS ORTHOPEDIC HOSPITAL,71.8,Fuzzy name
University Dialysis West,453500,TX,5642,8175,8545,5932,8230,9097,7539,8845,8400,8505,8493,UNIVERSITY DIALYSIS WEST,7945.727272727273,11,UNIVERSITY HEALTH SYSTEM,TX,SAN ANTONIO,3.0,UNIVERSITY,Exact/fuzzy hospital name,100.0,No,,UT Southwestern University Hosp,61.8,Fuzzy name
Texas Health Fort Worth,459811,TX,35111,33735,35155,34548,36207,37425,0,36388,34557,34989,34942,TEXAS HEALTH FORT WORTH,32096.090909090908,10,TEXAS HEALTH HARRIS METHODIST FORT WORTH,TX,FORT WORTH,4.0,TEXAS HEALTH HARRIS METHODIST FORT WORTH,Exact/fuzzy hospital name,100.0,No,,Texas Health Hospital Frisco,70.6,Fuzzy name
Parkland Health,045015,TX,0,0,0,0,0,0,0,0,0,0,0,PARKLAND HEALTH,0.0,0,PARKLAND HEALTH & HOSPITAL SYSTEM,TX,DALLAS,3.0,PARKLAND HEALTH AND,Exact/fuzzy hospital name,100.0,No,,Texas Health Hospital Frisco,57.1,Fuzzy name
St Joseph Medical Center,045035,TX,11322,10881,11352,11131,11679,12085,11077,11733,11130,11274,11266,ST JOSEPH MED CTR,11357.272727272728,11,ST JOSEPH MEDICAL CENTER,TX,HOUSTON,3.0,ST JOSEPH MED CTR,Exact/fuzzy hospital name,100.0,No,,Texoma Medical Center,66.7,Fuzzy name
Jps Health Network,045039,TX,12060,11271,11689,11076,11380,12038,9089,10704,8361,8510,8631,JPS HEALTH NETWORK,10437.181818181818,11,JPS HEALTH NETWORK,TX,FORT WORTH,4.0,JPS HEALTH NETWORK,Exact/fuzzy hospital name,100.0,No,,Texas Health Hospital Frisco,50.0,Fuzzy name
Daughters Of Charity Health Services Of Waco/depaul Center,045042,TX,0,0,0,0,0,0,0,0,0,0,0,DAUGHTERS CHARITY HEALTH SERVICES WACO DEPAUL CENTER,0.0,0,,,,,,No match,63.2,No,,North Central Surgical Center,51.9,Fuzzy name
Northeast Baptist Hospital,045058,TX,14494,13926,14512,14262,14947,15449,14192,15022,14265,14444,14424,NORTHEAST BAPTIST HOSPITAL,14539.727272727272,11,,,,,,No match,81.8,No,,NORTH CENTRAL BAPTIST HOSPITAL,78.6,Fuzzy name
Pampa Regional Medical Center,045099,TX,8559,8225,8582,8415,8829,9136,8374,8870,8414,8523,8517,PAMPA REGIONAL MED CTR,8585.818181818182,11,PAMPA REGIONAL MEDICAL CENTER,TX,PAMPA,,PAMPA REGIONAL MED CTR,Exact/fuzzy hospital name,100.0,No,,Texoma Medical Center,66.7,Fuzzy name
Wadley Regional Medical Center,045200,TX,10625,10211,10653,10446,10960,11340,10395,11010,10445,10580,10572,WADLEY REGIONAL MED CTR,10657.90909090909,11,WADLEY REGIONAL MEDICAL CENTER,TX,TEXARKANA,,WADLEY REGIONAL MED CTR,Exact/fuzzy hospital name,100.0,No,,Texoma Medical Center,66.7,Fuzzy name
Harris Health - Ben Taub Psych,045289,TX,7976,7524,7852,8094,8055,7783,7762,8134,7628,7732,7671,HARRIS HEALTH BEN TAUB PSYCH,7837.363636363636,11,HARRIS HEALTH,TX,HOUSTON,3.0,HARRIS HEALTH,Exact/fuzzy hospital name,100.0,No,,TX Health Harris Meth Hosp SW Fw,63.4,Fuzzy name
Oakbend Medical Center,045330,TX,8823,8323,8686,8954,8910,8610,8586,8998,8439,8553,8486,OAKBEND MED CTR,8669.818181818182,11,OAKBEND MEDICAL CENTER,TX,RICHMOND,3.0,OAKBEND MED CTR,Exact/fuzzy hospital name,100.0,No,,HENDRICK MEDICAL CENTER,71.0,Fuzzy name
Baptist Beaumont Hospital,045346,TX,6145,5905,6161,6042,6339,6559,6012,6368,6041,6119,6115,BAPTIST BEAUMONT HOSPITAL,6164.181818181818,11,BAPTIST BEAUMONT HOSPITAL,TX,BEAUMONT,3.0,BAPTIST BEAUMONT HOSPITAL,Exact/fuzzy hospital name,100.0,No,,NORTH CENTRAL BAPTIST HOSPITAL,78.0,Fuzzy name
Medical City Behavioral Health Mckinney,045403,TX,14689,14159,14781,14251,14128,15103,14220,14638,14559,14774,14648,MEDICAL CITY BEHAVIORAL HEALTH MCKINNEY,14540.90909090909,11,,,,,,No match,85.0,No,,Medical City Dallas,77.4,Fuzzy name
Matagorda Regional Medical Center,045465,TX,4941,4776,5005,4991,4966,5210,4438,5088,4696,4597,4446,MATAGORDA REGIONAL MED CTR,4832.181818181818,11,MATAGORDA REGIONAL MEDICAL CENTER,TX,BAY CITY,5.0,MATAGORDA REGIONAL MED CTR,Exact/fuzzy hospital name,100.0,No,,Texoma Medical Center,66.7,Fuzzy name
Wilson N Jones Regional Medical Center,045469,TX,11360,10982,11508,11475,11419,11981,10204,11700,10798,10569,10222,WILSON N JONES REGIONAL MED CTR,11110.727272727272,11,WILSON N JONES REGIONAL MEDICAL CENTER,TX,SHERMAN,2.0,WILSON N JONES REGIONAL MED CTR,Exact/fuzzy hospital name,100.0,No,,Texoma Medical Center,66.7,Fuzzy name
The Medical Center Of Southeast Texas,045518,TX,8785,8443,8809,8637,9063,9377,8595,9104,4942,8226,9880,MED CTR SOUTHEAST TEXAS,8532.818181818182,11,THE MEDICAL CENTER OF SOUTHEAST TEXAS,TX,PORT ARTHUR,3.0,MED CTR SOUTHEAST TEXAS,Exact/fuzzy hospital name,100.0,No,,Texoma Medical Center,66.7,Fuzzy name
Texas Health Springwood Behavioral Health Hospital,045639,TX,35111,33735,35155,34548,36207,37425,0,36388,34557,34989,34942,TEXAS HEALTH SPRINGWOOD BEHAVIORAL HEALTH HOSPITAL,32096.090909090908,10,,,,,,No match,85.7,Review,BDC,Texas Health Hospital Frisco,85.7,Fuzzy name
"Scenic Mountain Medical Center, A Steward Family Hospital",045653,TX,9824,9441,9850,9659,10134,10485,9611,10180,9657,9782,9775,SCENIC MOUNTAIN MED CTR A STEWARD FAMILY HOSPITAL,9854.363636363636,11,MEDICAL CENTER HOSPITAL,TX,ODESSA,3.0,MED CTR HOSPITAL,Exact/fuzzy hospital name,100.0,No,,Texoma Medical Center,66.7,Fuzzy name
University Of Texas Health Science Center At Tyler,045690,TX,11527,11112,11600,11184,11087,11853,11159,11488,11426,11594,11496,UNIVERSITY TEXAS HEALTH SCIENCE CENTER TYLER,11411.454545454546,11,UNIVERSITY HEALTH SYSTEM,TX,SAN ANTONIO,3.0,UNIVERSITY,Exact/fuzzy hospital name,100.0,No,,Texas Health Hospital Frisco,60.0,Fuzzy name
Texas Health Presbyterian Hospital Plano,045771,TX,35111,33735,35155,34548,36207,37425,0,36388,34557,34989,34942,TEXAS HEALTH PRESBYTERIAN HOSPITAL PLANO,32096.090909090908,10,TEXAS HEALTH PRESBYTERIAN HOSPITAL PLANO,TX,PLANO,4.0,TEXAS HEALTH PRESBYTERIAN HOSPITAL PLANO,Exact/fuzzy hospital name,100.0,Review,BDC,Texas Health Hospital Frisco,85.7,Fuzzy name
Peterson Regional Medical Center,045007,TX,7344,7967,8268,7058,6965,7070,5928,6544,5874,5845,5606,PETERSON REGIONAL MED CTR,6769.909090909091,11,PETERSON REGIONAL MEDICAL CENTER,TX,KERRVILLE,4.0,PETERSON REGIONAL MED CTR,Exact/fuzzy hospital name,100.0,No,,Texoma Medical Center,66.7,Fuzzy name
Ut Southwestern University Hospital,045044,TX,20105,19316,20130,19782,20732,21430,19686,20836,19787,20035,20008,UT SOUTHWESTERN UNIVERSITY HOSPITAL,20167.909090909092,11,UT OF TEXAS  SOUTHWESTERN UNIVERSITY HOSPITAL - WILLIAM P. CLEMENTS JR.,TX,DALLAS,4.0,UT TEXAS SOUTHWESTERN UNIVERSITY HOSPITAL WILLIAM P CLEMENTS JR,Exact/fuzzy hospital name,100.0,Yes,BDC,UT Southwestern University Hosp,93.9,Fuzzy name
Chi St. Luke's Health Brazosport,045072,TX,10666,10250,10695,10487,11003,11385,10435,11053,10486,10621,10614,CHI ST LUKE S HEALTH BRAZOSPORT,10699.545454545454,11,CHI ST LUKE'S HEALTH BRAZOSPORT,TX,LAKE JACKSON,4.0,CHI ST LUKE S HEALTH BRAZOSPORT,Exact/fuzzy hospital name,100.0,No,,Chi St Lukes Hlth Baylor Coll Med,68.8,Fuzzy name
Baylor Scott & White Medical Center - Irving,045079,TX,11762,11762,11762,11762,11762,11762,11762,11762,11762,11762,11762,BAYLOR SCOTT AND WHITE MED CTR IRVING,11762.0,11,BAYLOR SCOTT & WHITE MEDICAL CENTER AT IRVING,TX,IRVING,5.0,BAYLOR SCOTT AND WHITE MED CTR IRVING,Exact/fuzzy hospital name,100.0,No,,Baylor University Medical Center,71.8,Fuzzy name
Titus Regional Medical Center,045080,TX,6167,6392,5887,6592,6524,6652,5150,5793,4216,4508,4335,TITUS REGIONAL MED CTR,5656.0,11,TITUS REGIONAL MEDICAL CENTER,TX,MOUNT PLEASANT,3.0,TITUS REGIONAL MED CTR,Exact/fuzzy hospital name,100.0,No,,Texoma Medical Center,66.7,Fuzzy name
Fort Duncan Regional Medical Center,045092,TX,10470,9877,10308,10626,10574,10218,10190,10679,10014,10150,10071,FORT DUNCAN REGIONAL MED CTR,10288.818181818182,11,FORT DUNCAN MEDICAL CENTER,TX,EAGLE PASS,3.0,FORT DUNCAN MED CTR,Exact/fuzzy hospital name,100.0,No,,Texoma Medical Center,66.7,Fuzzy name
Hca Houston Healthcare Southeast,045097,TX,14791,14211,14809,14554,15253,15765,14483,23460,14557,14739,14720,HCA HOUSTON HEALTHCARE SOUTHEAST,15576.545454545454,11,HCA HOUSTON HEALTHCARE SOUTHEAST,TX,PASADENA,3.0,HCA HOUSTON HEALTHCARE SOUTHEAST,Exact/fuzzy hospital name,100.0,No,,HOUSTON METHODIST WEST HOSPITAL,60.3,Fuzzy name
Baylor Scott & White Medical Center Hillcrest,045101,TX,11180,11180,11180,11180,11180,11180,11180,11180,11180,11180,11180,BAYLOR SCOTT AND WHITE MED CTR HILLCREST,11180.0,11,BAYLOR SCOTT & WHITE MEDICAL CENTER HILLCREST,TX,WACO,4.0,BAYLOR SCOTT AND WHITE MED CTR HILLCREST,Exact/fuzzy hospital name,100.0,No,,Baylor University Medical Center,71.8,Fuzzy name
Las Palmas Del Sol Healthcare,045107,TX,16511,15864,16531,16246,17026,17599,16167,17112,16250,16454,16431,LAS PALMAS DEL SOL HEALTHCARE,16562.81818181818,11,,,,,,No match,65.7,No,,Texas Health Hospital Frisco,49.1,Fuzzy name
South Texas Health System,045119,TX,9427,8893,9280,9567,9520,9199,9174,9614,9016,9139,9067,SOUTH TEXAS,9263.272727272728,11,SOUTH TEXAS HEALTH SYSTEM,TX,EDINBURG,4.0,SOUTH TEXAS,Exact/fuzzy hospital name,100.0,Yes,BDC+,SOUTH TEXAS SPINE & SURGICAL HOSP,100.0,Fuzzy name
Medical Center Hospital,045132,TX,8352,8026,8374,8211,8615,8914,8171,8655,8210,8316,8310,MED CTR HOSPITAL,8377.636363636364,11,MEDICAL CENTER HOSPITAL,TX,ODESSA,3.0,MED CTR HOSPITAL,Exact/fuzzy hospital name,100.0,No,,Bs&W Surgical Hospital Fort Worth,66.7,Fuzzy name
Detar Healthcare System,045147,TX,10238,10000,10101,10875,10252,10936,8767,9401,8005,7697,7635,DETAR,9446.09090909091,11,,,,,,No match,41.7,No,,Texoma Medical Center,31.6,Fuzzy name
Chi St. Luke's Health Baylor College Of Medicine Medical Center,045193,TX,14207,13653,14245,13968,14656,15164,13899,14723,13967,14147,14137,CHI ST LUKE S HEALTH BAYLOR COLLEGE MEDICINE MED CTR,14251.454545454546,11,,,,,,No match,85.0,No,,Chi St Lukes Hlth Baylor Coll Med,77.6,Fuzzy name
Northwest Healthcare System,045209,TX,11244,10607,11070,11411,11356,10973,10943,11468,10755,10901,10815,NORTHWEST,11049.363636363636,11,NORTHWEST TEXAS HOSPITAL,TX,AMARILLO,3.0,NORTHWEST TEXAS HOSPITAL,Exact/fuzzy hospital name,100.0,No,,Baylor University Medical Center,35.3,Fuzzy name
Chi St Luke's Health Memorial Lufkin,045211,TX,9763,9382,9789,9598,10071,10420,9551,10117,9597,9721,9714,CHI ST LUKE S HEALTH MEMORIAL LUFKIN,9793.0,11,CHI ST LUKES HEALTH MEMORIAL LUFKIN,TX,LUFKIN,2.0,CHI ST LUKES HEALTH MEMORIAL LUFKIN,Exact/fuzzy hospital name,98.6,No,,TX Health Arlington Memorial Hosp,66.7,Fuzzy name
Baptist St. Anthony's Hospital,045231,TX,11851,11389,11883,11652,12225,12649,11594,12281,11650,11801,11793,BAPTIST ST ANTHONY S HOSPITAL,11888.0,11,,,,,,No match,80.0,No,,NORTH CENTRAL BAPTIST HOSPITAL,71.2,Fuzzy name
Reba Mcentire Center For Rehabilitation,045324,TX,14135,13334,13915,14345,14275,13794,13756,14416,13519,13703,13595,REBA MCENTIRE CENTER FOR REHABILITATION,13889.727272727272,11,,,,,,No match,52.9,No,,North Central Surgical Center,52.9,Fuzzy name
Huntsville Memorial Hospital,045347,TX,9366,9001,9391,9209,9662,9997,9163,9706,9208,9327,9320,HUNTSVILLE MEMORIAL HOSPITAL,9395.454545454546,11,MEMORIAL HOSPITAL,TX,GONZALES,,MEMORIAL HOSPITAL,Exact/fuzzy hospital name,100.0,No,,Midland Memorial Hospital,81.0,Fuzzy name
Hunt Regional Healthcare,045352,TX,5642,6881,7184,5932,6866,7340,6911,7114,7076,7180,7119,HUNT REGIONAL HEALTHCARE,6840.454545454545,11,,,,,,No match,76.5,No,,TX Health Presby Hosp Rockwall,51.9,Fuzzy name
Houston Methodist Hospital,045358,TX,17137,16469,17183,16849,17678,18291,16766,17759,16847,17065,17052,HOUSTON METHODIST HOSPITAL,17190.545454545456,11,HOUSTON METHODIST HOSPITAL,TX,HOUSTON,5.0,HOUSTON METHODIST HOSPITAL,Exact/fuzzy hospital name,100.0,Yes,BDC,HOUSTON METHODIST HOSPITAL,100.0,Exact normalized name
St David's Medical Center,045431,TX,15453,14847,15473,15206,15936,16472,15131,16016,15209,15400,15379,ST DAVID S MED CTR,15502.0,11,ST DAVID'S MEDICAL CENTER,TX,AUSTIN,4.0,ST DAVID S MED CTR,Exact/fuzzy hospital name,100.0,No,,BS&W MEDICAL CENTER FRISCO,68.3,Fuzzy name
Texas Health Presbyterian Hospital Dallas,045462,TX,35111,33735,35155,34548,36207,37425,0,36388,34557,34989,34942,TEXAS HEALTH PRESBYTERIAN HOSPITAL DALLAS,32096.090909090908,10,TEXAS HEALTH PRESBYTERIAN HOSPITAL DALLAS,TX,DALLAS,4.0,TEXAS HEALTH PRESBYTERIAN HOSPITAL DALLAS,Exact/fuzzy hospital name,100.0,Review,BDC,Texas Health Hospital Frisco,85.7,Fuzzy name
Cecil R. Bomar Rehabilitation Center,045508,TX,4514,8013,8365,4745,7995,8547,6031,8284,8239,8361,8290,CECIL R BOMAR REHABILITATION CENTER,7398.545454545455,11,,,,,,No match,59.4,No,,Ascension Seton Med Center Austin,50.0,Fuzzy name
Baylor Scott & White Medical Center - Grapevine,045563,TX,11762,11762,11762,11762,11762,11762,11762,11762,11762,11762,11762,BAYLOR SCOTT AND WHITE MED CTR GRAPEVINE,11762.0,11,BAYLOR SCOTT & WHITE MEDICAL CENTER  GRAPEVINE,TX,GRAPEVINE,4.0,BAYLOR SCOTT AND WHITE MED CTR GRAPEVINE,Exact/fuzzy hospital name,100.0,No,,Baylor University Medical Center,71.8,Fuzzy name
Hca Houston Healthcare Clear Lake,045617,TX,12580,12087,12596,12379,12973,13409,12318,19202,12382,12537,12520,HCA HOUSTON HEALTHCARE CLEAR LAKE,13180.272727272728,11,HCA HOUSTON HEALTHCARE CLEAR LAKE,TX,WEBSTER,4.0,HCA HOUSTON HEALTHCARE CLEAR LAKE,Exact/fuzzy hospital name,100.0,No,,Texas Health Hospital Frisco,52.5,Fuzzy name
Hca Houston Healthcare Northwest,045638,TX,14606,14034,14624,14372,15062,15569,14302,22843,14376,14556,14536,HCA HOUSTON HEALTHCARE NORTHWEST,15352.727272727272,11,HCA HOUSTON HEALTHCARE NORTHWEST,TX,HOUSTON,2.0,HCA HOUSTON HEALTHCARE NORTHWEST,Exact/fuzzy hospital name,100.0,No,,HOUSTON METHODIST WEST HOSPITAL,63.5,Fuzzy name
Hca Houston Healthcare West,045644,TX,13808,13266,13825,13587,14239,14718,13520,24415,13590,13760,13741,HCA HOUSTON HEALTHCARE WEST,14769.90909090909,11,HCA HOUSTON HEALTHCARE WEST,TX,HOUSTON,1.0,HCA HOUSTON HEALTHCARE WEST,Exact/fuzzy hospital name,100.0,No,,HOUSTON METHODIST WEST HOSPITAL,65.5,Fuzzy name
Medical City Dallas,045647,TX,17067,16451,17174,16559,16415,17549,16522,17008,16917,17166,17020,MEDICAL CITY DALLAS,16895.272727272728,11,MEDICAL CITY DALLAS HOSPITAL,TX,DALLAS,3.0,MEDICAL CITY DALLAS HOSPITAL,Exact/fuzzy hospital name,100.0,Yes,BDC,Medical City Dallas,100.0,Exact normalized name
Medical City Plano,045651,TX,16395,15804,16499,15907,15769,16858,15872,16339,16251,16491,16350,MEDICAL CITY PLANO,16230.454545454546,11,MEDICAL CITY PLANO,TX,PLANO,3.0,MEDICAL CITY PLANO,Exact/fuzzy hospital name,100.0,No,,Medical City Dallas,81.1,Fuzzy name
Odessa Regional Medical Center,045661,TX,6556,6300,6573,6445,6763,6997,6414,6794,6445,6528,6523,ODESSA REGIONAL MED CTR,6576.181818181818,11,ODESSA REGIONAL MEDICAL CENTER,TX,ODESSA,3.0,ODESSA REGIONAL MED CTR,Exact/fuzzy hospital name,100.0,No,,Texoma Medical Center,66.7,Fuzzy name
Medical City Lewisville,045669,TX,14562,14036,14653,14128,14006,14973,14096,14512,14433,14646,14522,MEDICAL CITY LEWISVILLE,14415.181818181818,11,MEDICAL CITY LEWISVILLE,TX,LEWISVILLE,3.0,MEDICAL CITY LEWISVILLE,Exact/fuzzy hospital name,100.0,No,,Medical City Dallas,77.4,Fuzzy name
Hca Houston Healthcare Tomball,045670,TX,13842,13299,13859,13620,14274,14754,13554,22084,13624,13794,13775,HCA HOUSTON HEALTHCARE TOMBALL,14589.0,11,HCA HOUSTON HEALTHCARE TOMBALL,TX,TOMBALL,3.0,HCA HOUSTON HEALTHCARE TOMBALL,Exact/fuzzy hospital name,100.0,No,,Texas Health Hospital Frisco,55.2,Fuzzy name
Medical City Fort Worth,045672,TX,15165,14618,15260,14713,14586,15593,14681,15113,15031,15253,15123,MEDICAL CITY FORT WORTH,15012.363636363636,11,MEDICAL CITY FORT WORTH,TX,FORT WORTH,2.0,MEDICAL CITY FORT WORTH,Exact/fuzzy hospital name,100.0,No,,Medical City Dallas,77.4,Fuzzy name
Medical City Arlington,045675,TX,14732,14201,14825,14293,14170,15148,14262,14681,14602,14818,14692,MEDICAL CITY ARLINGTON,14584.0,11,MEDICAL CITY ARLINGTON,TX,ARLINGTON,2.0,MEDICAL CITY ARLINGTON,Exact/fuzzy hospital name,100.0,No,,Medical City Dallas,77.4,Fuzzy name
Rio Grande Regional Hospital,045711,TX,13958,13411,13976,13734,14394,14878,13667,14466,13738,13910,13891,RIO GRANDE REGIONAL HOSPITAL,14002.09090909091,11,RIO GRANDE REGIONAL HOSPITAL,TX,MCALLEN,4.0,RIO GRANDE REGIONAL HOSPITAL,Exact/fuzzy hospital name,100.0,No,,MEMORIAL HERMANN SW HOSPITAL,64.3,Fuzzy name
Palestine Regional Medical Center,045747,TX,6308,6161,6223,6700,6316,6737,5401,5792,4932,4742,4704,PALESTINE REGIONAL MED CTR,5819.636363636364,11,PALESTINE REGIONAL MEDICAL CENTER,TX,PALESTINE,1.0,PALESTINE REGIONAL MED CTR,Exact/fuzzy hospital name,100.0,No,,Texoma Medical Center,66.7,Fuzzy name
Hca Houston Healthcare Kingwood,045775,TX,14606,14034,14624,14372,15062,15569,14302,22843,14376,14556,14536,HCA HOUSTON HEALTHCARE KINGWOOD,15352.727272727272,11,HCA HOUSTON HEALTHCARE KINGWOOD,TX,KINGWOOD,3.0,HCA HOUSTON HEALTHCARE KINGWOOD,Exact/fuzzy hospital name,100.0,No,,HOUSTON METHODIST HOSPITAL,56.1,Fuzzy name
Corpus Christi Medical Center,045788,TX,11975,11505,11990,11783,12349,12764,11725,12410,11786,11933,11917,CORPUS CHRISTI MED CTR,12012.454545454546,11,"CORPUS CHRISTI MEDICAL CENTER,THE",TX,CORPUS CHRISTI,4.0,CORPUS CHRISTI MED CTR,Exact/fuzzy hospital name,100.0,No,,Texoma Medical Center,66.7,Fuzzy name
Christus St Michael Rehabilitation Hospital,045801,TX,11981,11511,11996,11789,12355,12770,11731,12417,11792,11939,11923,CHRISTUS ST MICHAEL REHABILITATION HOSPITAL,12018.545454545454,11,CHRISTUS ST MICHAEL HEALTH SYSTEM,TX,TEXARKANA,3.0,CHRISTUS ST MICHAEL,Exact/fuzzy hospital name,100.0,No,,HOUSTON METHODIST WEST HOSPITAL,56.8,Fuzzy name
St. Luke's The Woodlands Hospital,045862,TX,12422,11937,12455,12213,12814,13258,12153,12872,12211,12369,12360,ST LUKE S WOODLANDS HOSPITAL,12460.363636363636,11,ST LUKE'S THE WOODLANDS HOSPITAL,TX,THE WOODLANDS,3.0,ST LUKE S WOODLANDS HOSPITAL,Exact/fuzzy hospital name,100.0,Review,BDC,Chi St Lukes The Woodlands Hsptl,85.7,Fuzzy name
"Doctors Hospital At Renaissance, Ltd",045869,TX,12977,12469,12993,12769,13382,13833,12707,13449,12772,12932,12915,DOCTORS HOSPITAL RENAISSANCE LTD,13018.0,11,,,,,,No match,91.5,Yes,BDC+,DOCTORS HOSPITAL AT RENAISSANCE,100.0,Fuzzy name
Kindred Hospital Houston Medical Center,004523,TX,0,0,0,0,0,0,0,0,0,0,0,KINDRED HOSPITAL HOUSTON MED CTR,0.0,0,MEDICAL CENTER HOSPITAL,TX,ODESSA,3.0,MED CTR HOSPITAL,Exact/fuzzy hospital name,100.0,No,,HOUSTON METHODIST HOSPITAL,76.2,Fuzzy name
Cornerstone Specialty Hospitals Austin,004534,TX,0,0,0,0,0,0,0,0,0,0,0,CORNERSTONE SPECIALTY HOSPITALS AUSTIN,0.0,0,,,,,,No match,74.6,No,,PHYSICIANS SURGICAL HOSPITALS LLC,56.3,Fuzzy name
Kindred Hospital Houston Nw,004539,TX,0,0,0,0,0,0,0,0,0,0,0,KINDRED HOSPITAL HOUSTON NW,0.0,0,,,,,,No match,80.0,No,,HOUSTON METHODIST HOSPITAL,76.2,Fuzzy name
Post Acute Medical At Luling Llc,004562,TX,0,0,0,0,0,0,0,0,0,0,0,POST ACUTE MEDICAL LULING LLC,0.0,0,,,,,,No match,64.2,No,,Medical City Dallas,58.3,Fuzzy name
Kindred Hospital Sugar Land,004580,TX,0,0,0,0,0,0,0,0,0,0,0,KINDRED HOSPITAL SUGAR LAND,0.0,0,,,,,,No match,82.6,No,,HOUSTON METHODIST SUGAR LAND HOSP,63.3,Fuzzy name
Post Acute Medical At Victoria Llc,004594,TX,0,0,0,0,0,0,0,0,0,0,0,POST ACUTE MEDICAL VICTORIA LLC,0.0,0,,,,,,No match,64.4,No,,Methodist Richardson Medical Ctr,57.1,Fuzzy name
Pam Specialty Hospital Of New Braunfels,004506,TX,0,0,0,0,0,0,0,0,0,0,0,PAM SPECIALTY HOSPITAL NEW BRAUNFELS,0.0,0,,,,,,No match,80.0,No,,Legent Hospital for Special Sx,60.6,Fuzzy name
Kindred Hospital Dallas Central,004508,TX,0,0,0,0,0,0,0,0,0,0,0,KINDRED HOSPITAL DALLAS CENTRAL,0.0,0,,,,,,No match,80.0,No,,NORTH CENTRAL BAPTIST HOSPITAL,72.1,Fuzzy name
Citizens Medical Center County Of Victoria,045023,TX,7208,6800,7096,7315,7280,7034,7015,7352,6894,6988,6933,CITIZENS MED CTR COUNTY VICTORIA,7083.181818181818,11,CITIZENS MEDICAL CENTER,TX,VICTORIA,3.0,CITIZENS MED CTR,Exact/fuzzy hospital name,100.0,No,,Texoma Medical Center,66.7,Fuzzy name
Christus Good Shepherd Medical Center,045032,TX,8824,8478,8835,8682,9099,9405,8640,9145,8684,8793,8781,CHRISTUS GOOD SHEPHERD MED CTR,8851.454545454546,11,CHRISTUS GOOD SHEPHERD MEDICAL CENTER,TX,LONGVIEW,4.0,CHRISTUS GOOD SHEPHERD MED CTR,Exact/fuzzy hospital name,100.0,No,,Texoma Medical Center,66.7,Fuzzy name
Rolling Plains Memorial Hospital,045055,TX,4441,4337,4381,4717,4446,4743,3803,4077,3472,3338,3311,ROLLING PLAINS MEMORIAL HOSPITAL,4096.909090909091,11,ROLLING PLAINS MEMORIAL HOSPITAL,TX,SWEETWATER,,ROLLING PLAINS MEMORIAL HOSPITAL,Exact/fuzzy hospital name,100.0,No,,Midland Memorial Hospital,81.0,Fuzzy name
Texas Health Arlington Memorial Hospital,045064,TX,35111,33735,35155,34548,36207,37425,0,36388,34557,34989,34942,TEXAS HEALTH ARLINGTON MEMORIAL HOSPITAL,32096.090909090908,10,TEXAS HEALTH ARLINGTON MEMORIAL HOSPITAL,TX,ARLINGTON,4.0,TEXAS HEALTH ARLINGTON MEMORIAL HOSPITAL,Exact/fuzzy hospital name,100.0,Review,BDC,TX Health Arlington Memorial Hosp,90.4,Fuzzy name
Anson General Hospital,045078,TX,17588,16995,17642,17471,17925,18948,14567,17562,15999,15448,14901,ANSON GENERAL HOSPITAL,16822.363636363636,11,ANSON GENERAL HOSPITAL,TX,ANSON,,ANSON GENERAL HOSPITAL,Exact/fuzzy hospital name,100.0,No,,MEMORIAL HERMANN SW HOSPITAL,68.0,Fuzzy name
Christus Spohn Health System Corporation,045082,TX,12743,12243,12759,12539,13141,13583,12478,13207,12542,12699,12682,CHRISTUS SPOHN CORPORATION,12783.272727272728,11,,,,,,No match,70.0,No,,Christus Mother Frances Tyler,54.5,Fuzzy name
Knapp Medical Center,045128,TX,9797,9415,9823,9632,10106,10457,9585,10152,9631,9755,9748,KNAPP MED CTR,9827.363636363636,11,KNAPP MEDICAL CENTER,TX,WESLACO,5.0,KNAPP MED CTR,Exact/fuzzy hospital name,100.0,No,,B S & W MEDICAL CENTER UPTOWN,70.0,Fuzzy name
Permian Regional Medical Center,045144,TX,7729,7468,7752,7677,7877,8326,6401,7717,7031,6788,6548,PERMIAN REGIONAL MED CTR,7392.181818181818,11,PERMIAN REGIONAL MEDICAL CENTER ANDREWS COUNTY HO,TX,ANDREWS,,PERMIAN REGIONAL MED CTR ANDREWS COUNTY HO,Exact/fuzzy hospital name,100.0,No,,Texoma Medical Center,66.7,Fuzzy name
Val Verde Regional Medical Center,045154,TX,5166,4994,5233,5218,5192,5448,4640,5320,4910,4806,4648,VAL VERDE REGIONAL MED CTR,5052.272727272727,11,VAL VERDE REGIONAL MEDICAL CENTER,TX,DEL RIO,3.0,VAL VERDE REGIONAL MED CTR,Exact/fuzzy hospital name,100.0,No,,Texoma Medical Center,66.7,Fuzzy name
Mission Hospital Inc,045176,TX,8619,8283,8642,8474,8892,9200,8433,8932,8473,8583,8577,MISSION HOSPITAL INC,8646.181818181818,11,,,,,,No match,80.0,No,,DOCTORS HOSPITAL AT RENAISSANCE,62.5,Fuzzy name
Paris Regional Medical Center,045196,TX,11839,11440,11875,11760,12066,12754,8757,10558,9619,9287,8958,PARIS REGIONAL MED CTR,10810.272727272728,11,PARIS REGIONAL MEDICAL CENTER,TX,PARIS,1.0,PARIS REGIONAL MED CTR,Exact/fuzzy hospital name,100.0,No,,Texoma Medical Center,66.7,Fuzzy name
Christus Santa Rosa Health Care Corporation,045237,TX,11588,11134,11602,11402,11950,12352,11347,12009,11405,11548,11532,CHRISTUS SANTA ROSA HEALTH CARE CORPORATION,11624.454545454546,11,,,,,,No match,82.6,No,,Texas Health Hospital Frisco,53.5,Fuzzy name
Bellville Medical Center,045253,TX,10759,10396,10791,10687,10964,11590,8910,10742,9787,9449,9115,BELLVILLE MED CTR,10290.0,11,BELLVILLE MEDICAL CENTER,TX,BELLVILLE,,BELLVILLE MED CTR,Exact/fuzzy hospital name,100.0,No,,Texoma Medical Center,66.7,Fuzzy name
Texas Health Stephenville,045351,TX,35111,33735,35155,34548,36207,37425,0,36388,34557,34989,34942,TEXAS HEALTH STEPHENVILLE,32096.090909090908,10,,,,,,No match,65.7,No,,Texas Health Hospital Frisco,64.9,Fuzzy name
Childress Regional Medical Center,045369,TX,6882,7466,7749,6615,6527,6626,5556,6133,5505,5477,5254,CHILDRESS REGIONAL MED CTR,6344.545454545455,11,CHILDRESS REGIONAL MEDICAL CENTER,TX,CHILDRESS,,CHILDRESS REGIONAL MED CTR,Exact/fuzzy hospital name,100.0,No,,Texoma Medical Center,66.7,Fuzzy name
Columbus Community Hospital,045370,TX,5599,5380,5606,5509,5774,5968,5482,5803,5511,5580,5572,COLUMBUS COMMUNITY HOSPITAL,5616.727272727273,11,COLUMBUS COMMUNITY HOSPITAL,TX,COLUMBUS,2.0,COLUMBUS COMMUNITY HOSPITAL,Exact/fuzzy hospital name,100.0,No,,HOUSTON METHODIST HOSPITAL,60.4,Fuzzy name
Dallas Medical Center Llc,045379,TX,7240,6957,7259,7118,7468,7727,7083,7502,7117,7209,7204,DALLAS MED CTR LLC,7262.181818181818,11,DALLAS MEDICAL CENTER,TX,DALLAS,3.0,DALLAS MED CTR,Exact/fuzzy hospital name,100.0,No,,Medical City Dallas,70.3,Fuzzy name
Eastland Memorial Hospital,045411,TX,0,0,0,0,0,0,0,0,0,0,0,EASTLAND MEMORIAL HOSPITAL,0.0,0,MEMORIAL HOSPITAL,TX,GONZALES,,MEMORIAL HOSPITAL,Exact/fuzzy hospital name,100.0,Review,BDC,Midland Memorial Hospital,86.3,Fuzzy name
Glen Rose Medical Center,045451,TX,18200,17486,18223,17908,18768,19399,17821,18862,17913,18137,18112,GLEN ROSE MED CTR,18257.18181818182,11,GLEN ROSE MEDICAL CENTER,TX,GLEN ROSE,,GLEN ROSE MED CTR,Exact/fuzzy hospital name,100.0,No,,HENDRICK MEDICAL CENTER,66.7,Fuzzy name
Stephens Memorial Hospital,045498,TX,0,0,0,0,0,0,0,0,0,0,0,STEPHENS MEMORIAL HOSPITAL,0.0,0,MEMORIAL HOSPITAL,TX,GONZALES,,MEMORIAL HOSPITAL,Exact/fuzzy hospital name,100.0,No,,MEMORIAL HERMANN SW HOSPITAL,81.5,Fuzzy name
Palo Pinto General Hospital,045565,TX,4510,4334,4522,4434,4652,4814,4412,4674,4434,4491,4488,PALO PINTO GENERAL HOSPITAL,4524.090909090909,11,PALO PINTO GENERAL HOSPITAL,TX,MINERAL WELLS,3.0,PALO PINTO GENERAL HOSPITAL,Exact/fuzzy hospital name,100.0,No,,Midland Memorial Hospital,61.5,Fuzzy name
Christus Health Southeast Texas,045573,TX,14065,13514,14082,13840,14504,14992,13772,14577,13843,14016,13997,CHRISTUS HEALTH SOUTHEAST TEXAS,14109.272727272728,11,,,,,,No match,87.3,No,,Texas Health Hospital Frisco,67.8,Fuzzy name
Seymour Hospital,045586,TX,0,0,0,0,0,0,0,0,0,0,0,SEYMOUR HOSPITAL,0.0,0,SEYMOUR HOSPITAL,TX,SEYMOUR,,SEYMOUR HOSPITAL,Exact/fuzzy hospital name,100.0,No,,Bs&W Surgical Hospital Fort Worth,66.7,Fuzzy name
Lake Granbury Medical Center,045596,TX,21637,21134,21347,22981,21665,23111,18528,19867,16916,16265,16135,LAKE GRANBURY MED CTR,19962.363636363636,11,LAKE GRANBURY MEDICAL CENTER,TX,GRANBURY,3.0,LAKE GRANBURY MED CTR,Exact/fuzzy hospital name,100.0,No,,Texoma Medical Center,66.7,Fuzzy name
Nocona General Hospital,045641,TX,8300,7976,8322,8160,8562,8859,8120,8601,8159,8265,8259,NOCONA GENERAL HOSPITAL,8325.727272727272,11,NOCONA GENERAL HOSPITAL,TX,NOCONA,1.0,NOCONA GENERAL HOSPITAL,Exact/fuzzy hospital name,100.0,No,,NORTH CENTRAL BAPTIST HOSPITAL,64.2,Fuzzy name
Freestone Medical Center,045658,TX,10980,10552,11009,10795,11326,11719,10742,11378,10794,10933,10925,FREESTONE MED CTR,11013.90909090909,11,FREESTONE MEDICAL CENTER,TX,FAIRFIELD,,FREESTONE MED CTR,Exact/fuzzy hospital name,100.0,No,,Texoma Medical Center,66.7,Fuzzy name
Dallas Regional Medical Center,045688,TX,15303,14706,15344,15045,15786,16333,14971,15858,15044,15238,15227,DALLAS REGIONAL MED CTR,15350.454545454546,11,DALLAS MEDICAL CENTER,TX,DALLAS,3.0,DALLAS MED CTR,Exact/fuzzy hospital name,100.0,No,,Medical City Dallas,76.2,Fuzzy name
El Campo Memorial Hospital,045694,TX,6104,5758,6009,6195,6165,5957,5940,6226,5838,5918,5871,EL CAMPO MEMORIAL HOSPITAL,5998.272727272727,11,MEMORIAL HOSPITAL,TX,GONZALES,,MEMORIAL HOSPITAL,Exact/fuzzy hospital name,100.0,No,,Midland Memorial Hospital,81.0,Fuzzy name
Covenant Hospital Levelland,045755,TX,17506,16875,17616,16985,16838,18000,16947,17446,17680,17940,17788,COVENANT HOSPITAL LEVELLAND,17420.090909090908,11,COVENANT HOSPITAL LEVELLAND,TX,LEVELLAND,,COVENANT HOSPITAL LEVELLAND,Exact/fuzzy hospital name,100.0,No,,Texas Health Hospital Frisco,61.8,Fuzzy name
Harlingen Medical Center,045855,TX,7285,7001,7305,7163,7515,7776,7127,7550,7162,7254,7249,HARLINGEN MED CTR,7307.909090909091,11,HARLINGEN MEDICAL CENTER,TX,HARLINGEN,4.0,HARLINGEN MED CTR,Exact/fuzzy hospital name,100.0,No,,HENDRICK MEDICAL CENTER,66.7,Fuzzy name
Ut Health East Texas Rehabilitation Hospital,045072,TX,0,0,0,0,0,0,0,0,0,0,0,UT HEALTH EAST TEXAS REHABILITATION HOSPITAL,0.0,0,,,,,,No match,89.2,Review,BDC,Texas Health Hospital Frisco,85.7,Fuzzy name
Memorial Hermann Surgical Hospital Kingwood,670005,TX,9308,8943,9319,9159,9598,9921,9114,9646,9161,9276,9263,MEMORIAL HERMANN SURGICAL HOSPITAL KINGWOOD,9337.09090909091,11,MEMORIAL HERMANN SURGICAL HOSPITAL KINGWOOD,TX,KINGWOOD,,MEMORIAL HERMANN SURGICAL HOSPITAL KINGWOOD,CCN,,Yes,BDC,MEMORIAL HERMANN SW HOSPITAL,94.3,Fuzzy name
The Hospital At Westlake Medical Center,670006,TX,5308,17440,19638,17340,16219,28315,17255,22104,5218,5285,5282,HOSPITAL WESTLAKE MED CTR,14491.272727272728,11,THE HOSPITAL AT WESTLAKE MEDICAL CENTER,TX,AUSTIN,,HOSPITAL WESTLAKE MED CTR,CCN,,No,,Methodist Southlake Hospital,71.7,Fuzzy name
Houston Physicians' Hospital,670008,TX,9110,8806,9228,9202,9157,9607,8183,9382,8659,8475,8197,HOUSTON PHYSICIANS HOSPITAL,8909.636363636364,11,MEMORIAL HERMANN HOUSTON PHYSICIANS HOSPITAL,TX,WEBSTER,,MEMORIAL HERMANN HOUSTON PHYSICIANS HOSPITAL,CCN,,No,,HOUSTON METHODIST HOSPITAL,76.2,Fuzzy name
Baylor Scott & White The Heart Hospital - Plano,670025,TX,12230,12230,12230,12230,12230,12230,12230,12230,12230,12230,12230,BAYLOR SCOTT AND WHITE HEART HOSPITAL PLANO,12230.0,11,BAYLOR SCOTT & WHITE THE HEART HOSPITAL PLANO,TX,PLANO,4.0,BAYLOR SCOTT AND WHITE HEART HOSPITAL PLANO,CCN,,No,,BS&W TEXAS SPINE & JOINT HOSPITAL,59.0,Fuzzy name
St. Luke's Patients Medical Center,670031,TX,12422,11937,12455,12213,12814,13258,12153,12872,12211,12369,12360,ST LUKE S PATIENTS MED CTR,12460.363636363636,11,ST LUKE'S PATIENTS MEDICAL CENTER,TX,PASADENA,3.0,ST LUKE S PATIENTS MED CTR,CCN,,No,,Texoma Medical Center,66.7,Fuzzy name
Baylor Scott & White Medical Center - Round Rock,670034,TX,11180,11180,11180,11180,11180,11180,11180,11180,11180,11180,11180,BAYLOR SCOTT AND WHITE MED CTR ROUND ROCK,11180.0,11,BAYLOR SCOTT & WHITE MEDICAL CENTER - ROUND ROCK,TX,ROUND ROCK,4.0,BAYLOR SCOTT AND WHITE MED CTR ROUND ROCK,CCN,,Review,BDC+,BS&W MEDICAL CENTER ROUND ROCK,89.8,Fuzzy name
Cedar Park Regional Medical Center,670043,TX,0,0,0,0,0,0,0,0,0,0,0,CEDAR PARK REGIONAL MED CTR,0.0,0,ASCENSION SETON CEDAR PARK,TX,CEDAR PARK,3.0,ASCENSION SETON CEDAR PARK,CCN,,No,,Texoma Medical Center,66.7,Fuzzy name
Texas Health Hospital Rockwall,670044,TX,35111,33735,35155,34548,36207,37425,0,36388,34557,34989,34942,TEXAS HEALTH HOSPITAL ROCKWALL,32096.090909090908,10,TEXAS HEALTH PRESBYTERIAN HOSPITAL ROCKWALL,TX,ROCKWALL,5.0,TEXAS HEALTH PRESBYTERIAN HOSPITAL ROCKWALL,CCN,,Review,BDC,Texas Health Hospital Frisco,85.7,Fuzzy name
North Central Surgical Center,670049,TX,11861,11861,11861,11861,11861,11861,11861,11861,11861,11861,11861,NORTH CENTRAL SURGICAL CENTER,11861.0,11,NORTH CENTRAL SURGICAL CENTER LLP,TX,DALLAS,,NORTH CENTRAL SURGICAL CENTER LLP,CCN,,Yes,BDC,North Central Surgical Center,100.0,Exact normalized name
St. Luke's Sugar Land Hospital,670053,TX,12422,11937,12455,12213,12814,13258,12153,12872,12211,12369,12360,ST LUKE S SUGAR LAND HOSPITAL,12460.363636363636,11,ST LUKE'S SUGAR LAND HOSPITAL,TX,SUGAR LAND,3.0,ST LUKE S SUGAR LAND HOSPITAL,CCN,,No,,HOUSTON METHODIST SUGAR LAND HOSP,67.7,Fuzzy name
Foundation Surgical Hospital Of San Antonio,670054,TX,14494,13926,14512,14262,14947,15449,14192,15022,14265,14444,14424,FOUNDATION SURGICAL HOSPITAL SAN ANTONIO,14539.727272727272,11,FOUNDATION SURGICAL HOSPITAL OF SAN ANTONIO,TX,SAN ANTONIO,,FOUNDATION SURGICAL HOSPITAL SAN ANTONIO,CCN,,No,,Bs&W Surgical Hospital Fort Worth,64.9,Fuzzy name
St Luke's Lakeside Hospital,670059,TX,12422,11937,12455,12213,12814,13258,12153,12872,12211,12369,12360,ST LUKE S LAKESIDE HOSPITAL,12460.363636363636,11,CHI ST LUKES LAKESIDE HOSPITAL,TX,THE WOODLANDS,,CHI ST LUKES LAKESIDE HOSPITAL,CCN,,No,,Chi St Lukes The Woodlands Hsptl,58.2,Fuzzy name
Baylor Scott & White Medical Center - Sunnyvale,670060,TX,10062,10062,10062,10062,10062,10062,10062,10062,10062,10062,10062,BAYLOR SCOTT AND WHITE MED CTR SUNNYVALE,10062.0,11,BAYLOR SCOTT AND WHITE MEDICAL CENTER SUNNYVALE,TX,SUNNYVALE,2.0,BAYLOR SCOTT AND WHITE MED CTR SUNNYVALE,CCN,,No,,Baylor University Medical Center,71.8,Fuzzy name
Baylor Scott & White Emergency Hospital,670062,TX,10431,10431,10431,10431,10431,10431,10431,10431,10431,10431,10431,BAYLOR SCOTT AND WHITE EMERGENCY HOSPITAL,10431.0,11,BAYLOR EMERGENCY MEDICAL CENTER AT AUBREY,TX,AUBREY,,BAYLOR EMERGENCY MED CTR AUBREY,CCN,,No,,Bs&W Surgical Hospital Fort Worth,61.5,Fuzzy name
Baylor Scott & White Orthopedic And Spine Hospital,670067,TX,11861,11861,11861,11861,11861,11861,11861,11861,11861,11861,11861,BAYLOR SCOTT AND WHITE ORTHOPEDIC AND SPINE HOSPITAL,11861.0,11,BAYLOR SCOTT AND WHITE ORTHOPEDIC AND SPINE HOSPI,TX,ARLINGTON,,BAYLOR SCOTT AND WHITE ORTHOPEDIC AND SPINE HOSPI,CCN,,Review,BDC,TEXAS ORTHOPEDIC HOSPITAL,86.4,Fuzzy name
Texas Health Presbyterian Hospital Flower Mound,670068,TX,35111,33735,35155,34548,36207,37425,0,36388,34557,34989,34942,TEXAS HEALTH PRESBYTERIAN HOSPITAL FLOWER MOUND,32096.090909090908,10,TEXAS HEALTH PRESBYTERIAN HOSPITAL FLOWER MOUND,TX,FLOWER MOUND,5.0,TEXAS HEALTH PRESBYTERIAN HOSPITAL FLOWER MOUND,CCN,,Review,BDC,Texas Health Hospital Frisco,85.7,Fuzzy name
Methodist Mckinney Hospital,670069,TX,27978,26887,28053,27507,28861,29862,27372,28993,27504,27859,27839,METHODIST MCKINNEY HOSPITAL,28065.0,11,METHODIST MCKINNEY HOSPITAL,TX,MCKINNEY,,METHODIST MCKINNEY HOSPITAL,CCN,,No,,HOUSTON METHODIST HOSPITAL,81.8,Fuzzy name
Texas Health Heart & Vascular Hospital,670071,TX,35111,33735,35155,34548,36207,37425,0,36388,34557,34989,34942,TEXAS HEALTH HEART AND VASCULAR HOSPITAL,32096.090909090908,10,TEXAS HEALTH HEART & VASCULAR HOSPITAL ARLINGTON,TX,ARLINGTON,4.0,TEXAS HEALTH HEART AND VASCULAR HOSPITAL ARLINGTON,CCN,,Review,BDC,Texas Health Hospital Frisco,85.7,Fuzzy name
Methodist Hospital For Surgery,670073,TX,29121,27985,29199,28631,30040,31082,28490,30178,28628,28998,28977,METHODIST HOSPITAL FOR SURGERY,29211.727272727272,11,METHODIST HOSPITAL FOR SURGERY,TX,ADDISON,4.0,METHODIST HOSPITAL FOR SURGERY,CCN,,Yes,BDC,METHODIST HOSPITAL FOR SURGERY,100.0,Exact normalized name
St Lukes Hospital At The Vintage,670075,TX,12422,11937,12455,12213,12814,13258,12153,12872,12211,12369,12360,ST LUKES HOSPITAL VINTAGE,12460.363636363636,11,ST LUKE'S HOSPITAL AT THE VINTAGE,TX,HOUSTON,4.0,ST LUKE S HOSPITAL VINTAGE,CCN,,No,,Chi St Lukes The Woodlands Hsptl,60.4,Fuzzy name
Baylor Scott & White Surgical Hospital At Sherman,670076,TX,10062,10062,10062,10062,10062,10062,10062,10062,10062,10062,10062,BAYLOR SCOTT AND WHITE SURGICAL HOSPITAL SHERMAN,10062.0,11,BAYLOR SCOTT AND WHITE SURGICAL HOSPITAL AT SHERMA,TX,SHERMAN,3.0,BAYLOR SCOTT AND WHITE SURGICAL HOSPITAL SHERMA,CCN,,No,,Bs&W Surgical Hospital Fort Worth,72.4,Fuzzy name
Baptist Neighborhood Hospital,670078,TX,13045,12533,13061,12836,13452,13904,12773,13519,12839,12999,12982,BAPTIST NEIGHBORHOOD HOSPITAL,13085.727272727272,11,BAPTIST NEIGHBORHOOD HOSPITAL THOUSAND OAKS,TX,SAN ANTONIO,5.0,BAPTIST NEIGHBORHOOD HOSPITAL THOUSAND OAKS,CCN,,No,,NORTH CENTRAL BAPTIST HOSPITAL,71.2,Fuzzy name
Seton Medical Center Harker Heights,670080,TX,0,0,0,0,0,0,0,0,0,0,0,SETON MED CTR HARKER HEIGHTS,0.0,0,SETON MEDICAL CENTER HARKER HEIGHTS,TX,HARKER HEIGHTS,4.0,SETON MED CTR HARKER HEIGHTS,CCN,,No,,Texoma Medical Center,66.7,Fuzzy name
Baylor Scott & White Medical Center - Mckinney,670082,TX,11762,11762,11762,11762,11762,11762,11762,11762,11762,11762,11762,BAYLOR SCOTT AND WHITE MED CTR MCKINNEY,11762.0,11,BAYLOR SCOTT AND WHITE  MEDICAL CENTER  MCKINNEY,TX,MC KINNEY,4.0,BAYLOR SCOTT AND WHITE MED CTR MCKINNEY,CCN,,Review,BDC,BS&W MEDICAL CENTER MCKINNEY,88.9,Fuzzy name
Texas Health Alliance,670085,TX,35111,33735,35155,34548,36207,37425,0,36388,34557,34989,34942,TEXAS HEALTH ALLIANCE,32096.090909090908,10,TEXAS HEALTH HARRIS METHODIST HOSPITAL ALLIANCE,TX,FORT WORTH,5.0,TEXAS HEALTH HARRIS METHODIST HOSPITAL ALLIANCE,CCN,,No,,Texas Health Hospital Frisco,72.7,Fuzzy name
Baylor Scott & White Medical Center - College Station,670088,TX,11180,11180,11180,11180,11180,11180,11180,11180,11180,11180,11180,BAYLOR SCOTT AND WHITE MED CTR COLLEGE STATION,11180.0,11,BAYLOR SCOTT & WHITE MEDICAL CENTER- COLLEGE STATI,TX,COLLEGE STATION,4.0,BAYLOR SCOTT AND WHITE MED CTR COLLEGE STATI,CCN,,No,,Baylor University Medical Center,71.8,Fuzzy name
"Lancaster Regional Hospital, Lp",670090,TX,21231,20028,20902,21546,21442,20719,20663,21654,20307,20583,20421,LANCASTER REGIONAL HOSPITAL LP,20863.272727272728,11,CRESCENT MEDICAL CENTER LANCASTER,TX,LANCASTER,2.0,CRESCENT MED CTR LANCASTER,CCN,,No,,USMD Hospital at Arlington LP,60.7,Fuzzy name
Resolute Baptist Hospital,670098,TX,14763,14184,14781,14526,15224,15736,14455,15300,14530,14712,14692,RESOLUTE BAPTIST HOSPITAL,14809.363636363636,11,RESOLUTE HEALTH HOSPITAL,TX,NEW BRAUNFELS,4.0,RESOLUTE HEALTH HOSPITAL,CCN,,No,,NORTH CENTRAL BAPTIST HOSPITAL,78.0,Fuzzy name
Ad Hospital East Llc,670102,TX,7344,7967,8268,7058,6965,7070,5928,6544,5874,5845,5606,AD HOSPITAL EAST LLC,6769.909090909091,11,"AD HOSPITAL EAST, LLC",TX,HOUSTON,,AD HOSPITAL EAST LLC,CCN,,No,,DOCTORS HOSPITAL AT RENAISSANCE,62.5,Fuzzy name
Medical City Alliance,670103,TX,14658,14129,14750,14221,14098,15071,14189,14607,14529,14743,14618,MEDICAL CITY ALLIANCE,14510.272727272728,11,MEDICAL CITY ALLIANCE,TX,FORT WORTH,3.0,MEDICAL CITY ALLIANCE,CCN,,Review,BDC,Medical City Dallas,85.0,Fuzzy name
Hca Houston Healthcare Pearland,670106,TX,13637,13102,13654,13418,14063,14535,13353,22515,13422,13589,13571,HCA HOUSTON HEALTHCARE PEARLAND,14441.727272727272,11,HCA HOUSTON HEALTHCARE PEARLAND,TX,PEARLAND,3.0,HCA HOUSTON HEALTHCARE PEARLAND,CCN,,No,,HOUSTON METHODIST THE WOODLANDS,55.2,Fuzzy name
Baylor Scott & White Emergency Hospital,670107,TX,10431,10431,10431,10431,10431,10431,10431,10431,10431,10431,10431,BAYLOR SCOTT AND WHITE EMERGENCY HOSPITAL,10431.0,11,BAYLOR SCOTT AND WHITE EMERGENCY HOSPITAL,TX,BURLESON,,BAYLOR SCOTT AND WHITE EMERGENCY HOSPITAL,CCN,,No,,Bs&W Surgical Hospital Fort Worth,61.5,Fuzzy name
Baylor Scott & White Medical Center - Marble Falls,670108,TX,11180,11180,11180,11180,11180,11180,11180,11180,11180,11180,11180,BAYLOR SCOTT AND WHITE MED CTR MARBLE FALLS,11180.0,11,BAYLOR SCOTT & WHITE MEDICAL CENTER - MARBLE FALLS,TX,MARBLE FALLS,4.0,BAYLOR SCOTT AND WHITE MED CTR MARBLE FALLS,CCN,,No,,Baylor University Medical Center,71.8,Fuzzy name
Baytown Medical Center Lp,670109,TX,10116,9721,10142,9945,10435,10797,9896,10482,9944,10073,10065,BAYTOWN MED CTR LP,10146.90909090909,11,BAYTOWN MEDICAL CENTER LP,TX,BAYTOWN,,BAYTOWN MED CTR LP,CCN,,No,,B S & W MEDICAL CENTER UPTOWN,66.7,Fuzzy name
Legent Orthopedic + Spine,670112,TX,16392,15801,16495,14785,10240,10947,14752,15186,10552,15327,15197,LEGENT ORTHOPEDIC SPINE,14152.181818181818,11,LEGENT ORTHOPEDIC + SPINE,TX,SAN ANTONIO,,LEGENT ORTHOPEDIC SPINE,CCN,,Review,BDC,LEGENT ORTHOPEDIC HOSPITAL,85.7,Fuzzy name
Wise Health System,670116,TX,15393,14521,15154,15621,15545,15021,14980,15699,14723,14922,14805,WISE,15125.818181818182,11,,,,,,No match,35.3,No,,Medical City Dallas,26.1,Fuzzy name
The Hospitals Of Providence Transmountain Campus,670120,TX,17229,16554,17251,16953,17767,18365,16871,17856,16958,17170,17146,HOSPITALS PROVIDENCE TRANSMOUNTAIN CAMPUS,17283.636363636364,11,THE HOSPITALS OF PROVIDENCE TRANSMOUNTAIN CAMPUS,TX,EL PASO,2.0,HOSPITALS PROVIDENCE TRANSMOUNTAIN CAMPUS,CCN,,No,,ASCENSION PROVIDENCE,66.7,Fuzzy name
Houston Methodist The Woodlands Hospital,670122,TX,14879,14298,14918,14628,15348,15880,14556,15418,14626,14816,14805,HOUSTON METHODIST WOODLANDS HOSPITAL,14924.727272727272,11,HOUSTON METHODIST THE WOODLANDS HOSPITAL,TX,THE WOODLANDS,5.0,HOUSTON METHODIST WOODLANDS HOSPITAL,CCN,,Yes,BDC,HOUSTON METHODIST HOSPITAL,100.0,Fuzzy name
The Hospitals Of Providence Horizon City Campus,670124,TX,14596,14024,14614,14362,15052,15558,14292,15127,14365,14545,14526,HOSPITALS PROVIDENCE HORIZON CITY CAMPUS,14641.90909090909,11,THE HOSPITALS OF PROVIDENCE HORIZON CITY CAMPUS,TX,HORIZON CITY,,HOSPITALS PROVIDENCE HORIZON CITY CAMPUS,CCN,,No,,ASCENSION PROVIDENCE,66.7,Fuzzy name
Methodist Southlake Medical Center,670132,TX,15092,14504,15133,14838,15569,16109,14765,15640,14837,15028,15018,METHODIST SOUTHLAKE MED CTR,15139.363636363636,11,METHODIST SOUTHLAKE MEDICAL CENTER,TX,SOUTHLAKE,,METHODIST SOUTHLAKE MED CTR,CCN,,Review,BDC,Methodist Southlake Hospital,82.6,Fuzzy name
Altus Houston Hospital Lp,670135,TX,6744,6481,6762,6630,6957,7198,6598,6988,6629,6715,6710,ALTUS HOUSTON HOSPITAL LP,6764.727272727273,11,"ALTUS HOUSTON HOSPITAL, LP",TX,HOUSTON,,ALTUS HOUSTON HOSPITAL LP,CCN,,No,,HOUSTON METHODIST HOSPITAL,78.0,Fuzzy name
Baylor Scott & White Medical Center - Austin,670136,TX,11180,11180,11180,11180,11180,11180,11180,11180,11180,11180,11180,BAYLOR SCOTT AND WHITE MED CTR AUSTIN,11180.0,11,BAYLOR SCOTT & WHITE MEDICAL CENTER- AUSTIN,TX,AUSTIN,,BAYLOR SCOTT AND WHITE MED CTR AUSTIN,CCN,,No,,Baylor University Medical Center,71.8,Fuzzy name
Ascension Seton Bastrop,670143,TX,0,0,0,0,0,0,0,0,0,0,0,ASCENSION SETON BASTROP,0.0,0,,,,,,No match,85.7,Review,BDC,Ascension Seton Hays,85.7,Fuzzy name
Caprock Hospital,670259,TX,6582,6209,6480,6679,6647,6423,6405,6713,6295,6381,6331,CAPROCK HOSPITAL,6467.727272727273,11,,,,,,No match,80.0,No,,Bs&W Surgical Hospital Fort Worth,66.7,Fuzzy name
Texas Health Hospital Frisco,670260,TX,35111,33735,35155,34548,36207,37425,0,36388,34557,34989,34942,TEXAS HEALTH HOSPITAL FRISCO,32096.090909090908,10,TEXAS HEALTH HOSPITAL FRISCO,TX,FRISCO,4.0,TEXAS HEALTH HOSPITAL FRISCO,CCN,,Yes,BDC,Texas Health Hospital Frisco,100.0,Exact normalized name
Legent Orthopedic Hospital Carrollton,670265,TX,16530,15934,16634,14268,13510,14442,14237,14656,13922,14792,14666,LEGENT ORTHOPEDIC HOSPITAL CARROLLTON,14871.90909090909,11,LEGENT ORTHOPEDIC HOSPITAL,TX,GRAPEVINE,,LEGENT ORTHOPEDIC HOSPITAL,CCN,,Yes,BDC,LEGENT ORTHOPEDIC HOSPITAL,100.0,Fuzzy name
Townsen Memorial Hospital,670266,TX,6744,6481,6762,6630,6957,7198,6598,6988,6629,6715,6710,TOWNSEN MEMORIAL HOSPITAL,6764.727272727273,11,TOWNSEN MEMORIAL HOSPITAL,TX,HUMBLE,,TOWNSEN MEMORIAL HOSPITAL,CCN,,No,,MEMORIAL HERMANN SW HOSPITAL,81.0,Fuzzy name
The Woodlands Specialty Hospital,670267,TX,7128,6871,7173,6916,6856,7330,6901,7104,7066,7170,7109,WOODLANDS SPECIALTY HOSPITAL,7056.727272727273,11,THE WOODLANDS SPECIALTY HOSPITAL,TX,SPRING,,WOODLANDS SPECIALTY HOSPITAL,CCN,,No,,Midland Memorial Hospital,71.7,Fuzzy name
North Houston Surgical Hospital Llc,670280,TX,7262,6979,7282,7140,7492,7751,7105,7526,7139,7232,7226,NORTH HOUSTON SURGICAL HOSPITAL LLC,7284.909090909091,11,,,,,,No match,93.9,No,,LEGENT N HOUSTON SURGICAL HOSP,76.9,Fuzzy name
Texas Health Hospital Mansfield,670309,TX,35111,33735,35155,34548,36207,37425,0,36388,34557,34989,34942,TEXAS HEALTH HOSPITAL MANSFIELD,32096.090909090908,10,TEXAS HEALTH HOSPITAL MANSFIELD,TX,MANSFIELD,5.0,TEXAS HEALTH HOSPITAL MANSFIELD,CCN,,Review,BDC,Texas Health Hospital Frisco,85.7,Fuzzy name
Trinity Regional Hospital Sachse,670319,TX,8295,7970,8305,8162,8554,8841,8122,8597,8164,8266,8255,TRINITY REGIONAL HOSPITAL SACHSE,8321.0,11,,,,,,No match,87.2,No,,DOCTORS HOSPITAL AT RENAISSANCE,56.7,Fuzzy name
Pam Rehabilitation Hospital Of Allen,673025,TX,0,0,0,0,0,0,0,0,0,0,0,PAM REHABILITATION HOSPITAL ALLEN,0.0,0,,,,,,No match,80.0,No,,Midland Memorial Hospital,58.6,Fuzzy name
Central Texas Rehabilitation Hospital,673027,TX,0,0,0,0,0,0,0,0,0,0,0,CENTRAL TEXAS REHABILITATION HOSPITAL,0.0,0,,,,,,No match,80.0,No,,TEXAS ORTHOPEDIC HOSPITAL,71.8,Fuzzy name
Encompass Health Rehabilitation Hospital Of Richardson,673029,TX,0,0,0,0,0,0,0,0,0,0,0,ENCOMPASS HEALTH REHABILITATION HOSPITAL RICHARDSON,0.0,0,,,,,,No match,80.0,No,,Texas Health Hospital Frisco,69.8,Fuzzy name
Kate Dishman Rehab Hospital,673030,TX,0,0,0,0,0,0,0,0,0,0,0,KATE DISHMAN REHAB HOSPITAL,0.0,0,,,,,,No match,80.0,No,,MEMORIAL HERMANN SW HOSPITAL,61.8,Fuzzy name
Methodist Rehabilitation Hospital,673031,TX,0,0,0,0,0,0,0,0,0,0,0,METHODIST REHABILITATION HOSPITAL,0.0,0,METHODIST HOSPITAL,TX,SAN ANTONIO,4.0,METHODIST HOSPITAL,Exact/fuzzy hospital name,100.0,No,,HOUSTON METHODIST HOSPITAL,81.8,Fuzzy name
Encompass Health Rehabilitation Hospital Of Round Rock,673032,TX,0,0,0,0,0,0,0,0,0,0,0,ENCOMPASS HEALTH REHABILITATION HOSPITAL ROUND ROCK,0.0,0,,,,,,No match,80.0,No,,Texas Health Hospital Frisco,69.8,Fuzzy name
Encompass Health Rehabilitation Hospital Vision Park,673034,TX,0,0,0,0,0,0,0,0,0,0,0,ENCOMPASS HEALTH REHABILITATION HOSPITAL VISION PARK,0.0,0,,,,,,No match,80.0,No,,Texas Health Hospital Frisco,69.8,Fuzzy name
Baylor Institute For Rehabilitation At Fort Worth,673035,TX,0,0,0,0,0,0,0,0,0,0,0,BAYLOR INSTITUTE FOR REHABILITATION FORT WORTH,0.0,0,,,,,,No match,60.6,No,,Bs&W Surgical Hospital Fort Worth,50.6,Fuzzy name
Select Rehabilitation Hospital Of Denton,673036,TX,0,0,0,0,0,0,0,0,0,0,0,SELECT REHABILITATION HOSPITAL DENTON,0.0,0,,,,,,No match,80.0,No,,DOCTORS HOSPITAL AT RENAISSANCE,61.5,Fuzzy name
Memorial Hermann Rehabilitation Hospital Katy,673038,TX,0,0,0,0,0,0,0,0,0,0,0,MEMORIAL HERMANN REHABILITATION HOSPITAL KATY,0.0,0,MEMORIAL HERMANN HOSPITAL SYSTEM,TX,HOUSTON,3.0,MEMORIAL HERMANN,Exact/fuzzy hospital name,100.0,Yes,BDC,MEMORIAL HERMANN SW HOSPITAL,94.3,Fuzzy name
Encompass Health Rehabilitation Hospital Of Abilene,673039,TX,0,0,0,0,0,0,0,0,0,0,0,ENCOMPASS HEALTH REHABILITATION HOSPITAL ABILENE,0.0,0,,,,,,No match,80.0,No,,Texas Health Hospital Frisco,69.8,Fuzzy name
Carrus Rehabilitation Hospital,673041,TX,0,0,0,0,0,0,0,0,0,0,0,CARRUS REHABILITATION HOSPITAL,0.0,0,,,,,,No match,80.0,No,,DOCTORS HOSPITAL AT RENAISSANCE,65.5,Fuzzy name
Encompass Health Rehabilitation Hospital Of Sugar Land,673042,TX,0,0,0,0,0,0,0,0,0,0,0,ENCOMPASS HEALTH REHABILITATION HOSPITAL SUGAR LAND,0.0,0,,,,,,No match,80.0,No,,Texas Health Hospital Frisco,69.8,Fuzzy name
Encompass Health Rehabilitation Hospital Of Dallas,673043,TX,0,0,0,0,0,0,0,0,0,0,0,ENCOMPASS HEALTH REHABILITATION HOSPITAL DALLAS,0.0,0,,,,,,No match,80.0,No,,Texas Health Hospital Frisco,69.8,Fuzzy name
Encompass Health Rehabilitation Hospital Of The Mid-cities,673044,TX,0,0,0,0,0,0,0,0,0,0,0,ENCOMPASS HEALTH REHABILITATION HOSPITAL MID CITIES,0.0,0,,,,,,No match,80.0,No,,Texas Health Hospital Frisco,69.8,Fuzzy name
Mesquite Rehabilitation Institute,673045,TX,0,0,0,0,0,0,0,0,0,0,0,MESQUITE REHABILITATION INSTITUTE,0.0,0,,,,,,No match,53.5,No,,Ascension Seton Med Center Austin,45.5,Fuzzy name
Texas Rehabilitation Hospital Of Fort Worth,673048,TX,0,0,0,0,0,0,0,0,0,0,0,TEXAS REHABILITATION HOSPITAL FORT WORTH,0.0,0,,,,,,No match,80.0,No,,TEXAS ORTHOPEDIC HOSPITAL,71.8,Fuzzy name
New Braunfels Regional Rehabilitation Hospital,673049,TX,0,0,0,0,0,0,0,0,0,0,0,NEW BRAUNFELS REGIONAL REHABILITATION HOSPITAL,0.0,0,,,,,,No match,87.2,No,,Midland Memorial Hospital,53.5,Fuzzy name
Encompass Health Rehabilitation Hospital Of Cypress,673050,TX,0,0,0,0,0,0,0,0,0,0,0,ENCOMPASS HEALTH REHABILITATION HOSPITAL CYPRESS,0.0,0,,,,,,No match,84.2,No,,Texas Health Hospital Frisco,69.8,Fuzzy name
Encompass Health Rehabilitation Hospital The Vintage,673052,TX,0,0,0,0,0,0,0,0,0,0,0,ENCOMPASS HEALTH REHABILITATION HOSPITAL VINTAGE,0.0,0,,,,,,No match,80.0,No,,Texas Health Hospital Frisco,69.8,Fuzzy name
Corpus Christi Rehabilitation Hospital,673053,TX,0,0,0,0,0,0,0,0,0,0,0,CORPUS CHRISTI REHABILITATION HOSPITAL,0.0,0,,,,,,No match,80.0,No,,DOCTORS HOSPITAL AT RENAISSANCE,63.6,Fuzzy name
Encompass Health Rehabilitation Hospital Of Austin,673054,TX,0,0,0,0,0,0,0,0,0,0,0,ENCOMPASS HEALTH REHABILITATION HOSPITAL AUSTIN,0.0,0,,,,,,No match,85.7,No,,Texas Health Hospital Frisco,69.8,Fuzzy name
Accel Rehabilitation Hospital,673055,TX,0,0,0,0,0,0,0,0,0,0,0,ACCEL REHABILITATION HOSPITAL,0.0,0,,,,,,No match,80.0,No,,DOCTORS HOSPITAL AT RENAISSANCE,59.6,Fuzzy name
Pam Rehabilitation Hospital Of Victoria,673056,TX,0,0,0,0,0,0,0,0,0,0,0,PAM REHABILITATION HOSPITAL VICTORIA,0.0,0,,,,,,No match,80.0,No,,PHYSICIANS SURGICAL HOSPITALS LLC,55.1,Fuzzy name
Warm Springs Rehabilitation Hospital Of Kyle,673057,TX,0,0,0,0,0,0,0,0,0,0,0,WARM SPRINGS REHABILITATION HOSPITAL KYLE,0.0,0,,,,,,No match,80.0,No,,PHYSICIANS SURGICAL HOSPITALS LLC,56.8,Fuzzy name
Baylor Scott & White Institute For Rehabilitation - Lakeway,673058,TX,0,0,0,0,0,0,0,0,0,0,0,BAYLOR SCOTT AND WHITE INSTITUTE FOR REHABILITATION LAKEWAY,0.0,0,,,,,,No match,77.2,No,,Bs&W Surgical Hospital Fort Worth,45.8,Fuzzy name
"Laredo Rehabilitation Hospital, Llc",673059,TX,0,0,0,0,0,0,0,0,0,0,0,LAREDO REHABILITATION HOSPITAL LLC,0.0,0,,,,,,No match,80.0,No,,DOCTORS HOSPITAL AT RENAISSANCE,61.3,Fuzzy name
Texas Rehabilitation Hospital Of Arlington,673060,TX,0,0,0,0,0,0,0,0,0,0,0,TEXAS REHABILITATION HOSPITAL ARLINGTON,0.0,0,,,,,,No match,80.0,No,,USMD Hospital at Arlington LP,81.8,Fuzzy name
Pam Rehabilitation Hospital Of Clear Lake,673061,TX,0,0,0,0,0,0,0,0,0,0,0,PAM REHABILITATION HOSPITAL CLEAR LAKE,0.0,0,,,,,,No match,80.0,No,,Midland Memorial Hospital,57.1,Fuzzy name
Clearsky Rehabilitation Hospital Of Weatherford,673062,TX,0,0,0,0,0,0,0,0,0,0,0,CLEARSKY REHABILITATION HOSPITAL WEATHERFORD,0.0,0,,,,,,No match,80.0,No,,DOCTORS HOSPITAL AT RENAISSANCE,55.6,Fuzzy name
Trustpoint Rehabilitation Hospital Of Lubbock,673063,TX,0,0,0,0,0,0,0,0,0,0,0,TRUSTPOINT REHABILITATION HOSPITAL LUBBOCK,0.0,0,,,,,,No match,80.0,No,,PHYSICIANS SURGICAL HOSPITALS LLC,53.3,Fuzzy name
"Chi St. Joseph Health Rehabilitation Hospital, An Affiliate Of Encompa",673065,TX,0,0,0,0,0,0,0,0,0,0,0,CHI ST JOSEPH HEALTH REHABILITATION HOSPITAL AN AFFILIATE ENCOMPA,0.0,0,,,,,,No match,86.6,No,,Texas Health Hospital Frisco,69.8,Fuzzy name
Encompass Health Rehabilitation Hospital Of Pearland,673066,TX,0,0,0,0,0,0,0,0,0,0,0,ENCOMPASS HEALTH REHABILITATION HOSPITAL PEARLAND,0.0,0,,,,,,No match,80.0,No,,Texas Health Hospital Frisco,69.8,Fuzzy name
Pam Rehabilitation Hospital Of Corpus Christi,673067,TX,0,0,0,0,0,0,0,0,0,0,0,PAM REHABILITATION HOSPITAL CORPUS CHRISTI,0.0,0,,,,,,No match,80.0,No,,DOCTORS HOSPITAL AT RENAISSANCE,60.0,Fuzzy name
Pam Health Rehabilitation Hospital Of Sugar Land Llc,673068,TX,0,0,0,0,0,0,0,0,0,0,0,PAM HEALTH REHABILITATION HOSPITAL SUGAR LAND LLC,0.0,0,,,,,,No match,80.0,No,,Texas Health Hospital Frisco,69.8,Fuzzy name
Pam Rehabilitation Hospital Of Round Rock,673069,TX,0,0,0,0,0,0,0,0,0,0,0,PAM REHABILITATION HOSPITAL ROUND ROCK,0.0,0,,,,,,No match,80.0,No,,USMD Hospital at Arlington LP,62.5,Fuzzy name
South Plains Rehabilitation Hospital An Affiliate Of Umc And Encompass,673070,TX,0,0,0,0,0,0,0,0,0,0,0,SOUTH PLAINS REHABILITATION HOSPITAL AN AFFILIATE UMC AND ENCOMPASS,0.0,0,,,,,,No match,80.0,No,,BS&W TEXAS SPINE & JOINT HOSPITAL,51.1,Fuzzy name
Encompass Health Rehabilitation Hospital Of Katy,673071,TX,0,0,0,0,0,0,0,0,0,0,0,ENCOMPASS HEALTH REHABILITATION HOSPITAL KATY,0.0,0,,,,,,No match,80.0,No,,Texas Health Hospital Frisco,69.8,Fuzzy name
Pam Health Rehabilitation Hospital Of Houston Heights,673072,TX,0,0,0,0,0,0,0,0,0,0,0,PAM HEALTH REHABILITATION HOSPITAL HOUSTON HEIGHTS,0.0,0,,,,,,No match,80.0,No,,HOUSTON METHODIST HOSPITAL,76.2,Fuzzy name
Everest Rehabilitation Hospital Longview,673073,TX,0,0,0,0,0,0,0,0,0,0,0,EVEREST REHABILITATION HOSPITAL LONGVIEW,0.0,0,,,,,,No match,80.0,No,,HOUSTON METHODIST HOSPITAL,54.5,Fuzzy name
Everest Rehabilitation Hospital Temple,673074,TX,0,0,0,0,0,0,0,0,0,0,0,EVEREST REHABILITATION HOSPITAL TEMPLE,0.0,0,,,,,,No match,80.0,No,,DOCTORS HOSPITAL AT RENAISSANCE,57.6,Fuzzy name
Pam Health Rehabilitation Hospital Of El Paso,673075,TX,0,0,0,0,0,0,0,0,0,0,0,PAM HEALTH REHABILITATION HOSPITAL EL PASO,0.0,0,,,,,,No match,80.0,No,,Texas Health Hospital Frisco,69.8,Fuzzy name
Clearsky Rehabilitation Hospital Of Flower Mound Llc,673076,TX,0,0,0,0,0,0,0,0,0,0,0,CLEARSKY REHABILITATION HOSPITAL FLOWER MOUND LLC,0.0,0,,,,,,No match,80.0,No,,TX Hlth Presby Hosp Flower Mound,59.3,Fuzzy name
Texas Rehabilitation Hospital Of Keller,673077,TX,0,0,0,0,0,0,0,0,0,0,0,TEXAS REHABILITATION HOSPITAL KELLER,0.0,0,,,,,,No match,80.0,No,,TEXAS ORTHOPEDIC HOSPITAL,71.8,Fuzzy name
"Shannon Rehabilitation Hospital, An Affiliate Of Encompass Health",673078,TX,0,0,0,0,0,0,0,0,0,0,0,SHANNON REHABILITATION HOSPITAL AN AFFILIATE ENCOMPASS HEALTH,0.0,0,,,,,,No match,80.0,No,,Texas Health Hospital Frisco,69.8,Fuzzy name
Encompass Health Rehabilitation Hospital Of Waco,673079,TX,0,0,0,0,0,0,0,0,0,0,0,ENCOMPASS HEALTH REHABILITATION HOSPITAL WACO,0.0,0,,,,,,No match,80.0,No,,Texas Health Hospital Frisco,69.8,Fuzzy name
Aspire Behavioral Health Of Conroe Llc,067093,TX,8155,8847,9182,7838,7735,7851,6584,7267,6523,6491,6226,ASPIRE BEHAVIORAL HEALTH CONROE LLC,7518.090909090909,11,,,,,,No match,85.7,No,,TX Health Presby Hosp Rockwall,52.3,Fuzzy name
Methodist Hospital| Stone Oak Rehab,067055,TX,13389,12864,13406,13174,13807,14271,13110,13876,13178,13343,13324,METHODIST HOSPITAL STONE OAK REHAB,13431.09090909091,11,METHODIST HOSPITAL,TX,SAN ANTONIO,4.0,METHODIST HOSPITAL,Exact/fuzzy hospital name,100.0,No,,HOUSTON METHODIST HOSPITAL,81.8,Fuzzy name
