Page,Table,Row,Extracted_Row
3,1,1,PROVIDER NAME | ADDRESS | CITY | STATE | ZIP CODE | DESIGNATION TYPE | CONSUMER TRANSPARENCY1 | CENTER TYPE2
3,1,2,Providence Alaska Medical Center | 3200 Providence Dr | Anchorage | AK | 99508 | BDC | No | Hospital
3,1,3,Athens Limestone Hospital | 700 W Market St | Athens | AL | 35611 | BDC+ | No | Hospital
3,1,4,Jack Hughston Memorial Hospital | 4401 River Chase Dr | Phenix City | AL | 36867 | BDC+ | Yes | Hospital
3,1,5,Springhill Memorial Hospital | 3719 Dauphin St | Mobile | AL | 36608 | BDC+ | Yes | Hospital
3,1,6,Uab Hospital | 619 19Th St S | Birmingham | AL | 35249 | BDC | No | Hospital
3,1,7,Uab St Vincents Birmingham | 810 Saint Vincents Dr | Birmingham | AL | 35205 | BDC+ | No | Hospital
3,1,8,USA Providence Hospital | 6801 Airport Blvd | Mobile | AL | 36608 | BDC+ | No | Hospital
3,1,9,Arkansas Surgical Hospital LLC | 5201 Northshore Dr | North Little Rock | AR | 72118 | BDC+ | Yes | Hospital
3,1,10,Baptist Health Medical Center Lr | 9601 Baptist Health Dr | Little Rock | AR | 72205 | BDC+ | No | Hospital
3,1,11,Baptist Health Medical Center North Little Rock | 3333 Springhill Dr | North Little Rock | AR | 72117 | BDC+ | No | Hospital
3,1,12,University of Arkansas for Medical Sciences | 4301 W Markham St | Little Rock | AR | 72205 | BDC | Yes | Hospital
3,1,13,Washington Regional Medical Center | 3215 N Northhills Blvd | Fayetteville | AR | 72703 | BDC+ | Yes | Hospital
3,1,14,CHANDLER REGIONAL MEDICAL CENTER | 1955 W Frye Rd | Chandler | AZ | 85224-6282 | BDC | No | Hospital
3,1,15,HONORHEALTH DEER VALLEY MEDICAL CENTER | 19829 N 27th Ave | Phoenix | AZ | 85027-4001 | BDC | No | Hospital
3,1,16,HONORHEALTH JOHN C LINCOLN MEDICAL CENTER | 250 E Dunlap Ave | Phoenix | AZ | 85020-2825 | BDC | Yes | Hospital
3,1,17,HONORHEALTH SCOTTSDALE OSBORN MEDICAL CENTER | 7400 E Osborn Rd | Scottsdale | AZ | 85251-6432 | BDC | Yes | Hospital
3,1,18,HONORHEALTH SCOTTSDALE SHEA MEDICAL CENTER | 9003 E Shea Blvd | Scottsdale | AZ | 85260-6709 | BDC | No | Hospital
3,1,19,HONORHEALTH SCOTTSDALE THOMPSON PEAK MEDICAL CENTER | 7400 E Thompson Peak Pkwy | Scottsdale | AZ | 85255-4109 | BDC | Yes | Hospital
3,2,1,DESIGNATION
3,2,2,TYPE
3,3,1,CONSUMER
3,3,2,TRANSPARENCY1
3,4,1,CENTER
3,4,2,TYPE2
4,1,1,PROVIDER NAME | ADDRESS | CITY | STATE | ZIP CODE | DESIGNATION TYPE | CONSUMER TRANSPARENCY1 | CENTER TYPE2
4,1,2,Tucson Medical Center | 5301 E Grant Rd | Tucson | AZ | 85712 | BDC+ | No | Hospital
4,1,3,Adventist Health Bakersfield | 2615 CHESTER AVE | BAKERSFIELD | CA | 93301 | BDC+ | Yes | Hospital
4,1,4,Adventist Health Sierra Vista | 1010 Murray Ave | San Luis Obispo | CA | 93405 | BDC | No | Hospital
4,1,5,Adventist Health Sierra Vista | 1010 Murray Ave | San Luis Obispo | CA | 93405 | BDC+ | No | Hospital
4,1,6,Adventist Health Sonora | 1000 Greenley Rd | Sonora | CA | 95370-5200 | BDC+ | No | Hospital
4,1,7,Bakersfield Memorial Hospital | 420 34th St | Bakersfield | CA | 93301-2237 | BDC | No | Hospital
4,1,8,Bakersfield Memorial Hospital | 420 34th St | Bakersfield | CA | 93301-2237 | BDC | Yes | Hospital
4,1,9,Clovis Community Hospital | 2755 Herndon Ave | Clovis | CA | 93611-6800 | BDC | No | Hospital
4,1,10,Community Memorial Hosp of San Buenaventura | 147 N Brent St | Ventura | CA | 93003 | BDC+ | Yes | Hospital
4,1,11,Desert Regional Med Ctr | 1150 N Indian Canyon Dr | Palm Springs | CA | 92262 | BDC | No | Hospital
4,1,12,Enloe Medical Center Esplanade | 1531 Esplanade | Chico | CA | 95926 | BDC | No | Hospital
4,1,13,French Hospital Medical Center | 1911 Johnson Ave | San Luis Obispo | CA | 93401 | BDC | Yes | Hospital
4,1,14,Fresno Community Hospital And Medical Center | 15 E Audubon Dr | Fresno | CA | 93720-1542 | BDC | No | Hospital
4,1,15,Grossmont Hospital | 5555 GROSSMONT CENTER DR | LA MESA | CA | 91942 | BDC | No | Hospital
4,1,16,Hoag Orthopedic Institute | 16250 Sand Canyon Ave | Irvine | CA | 92618 | BDC | No | Hospital
4,1,17,Hoag Orthopedic Institute | 16250 Sand Canyon Ave | Irvine | CA | 92618 | BDC+ | No | Hospital
4,1,18,KAWEAH DELTA DISTRICT HOSP | 400 W MINERAL KING AVE | VISALIA | CA | 93291 | BDC+ | Yes | Hospital
4,1,19,Loma Linda University Med Ctr | 11234 Anderson St | Loma Linda | CA | 92354 | BDC | No | Hospital
4,1,20,Long Beach Memorial Med Ctr | 2801 Atlantic Ave | Long Beach | CA | 90806 | BDC | No | Hospital
4,1,21,Long Beach Memorial Med Ctr | 2801 Atlantic Ave | Long Beach | CA | 90806 | BDC+ | No | Hospital
4,1,22,Marian Regional Medical C | 1400 E Church St | Santa Maria | CA | 93454-5906 | BDC | Yes | Hospital
4,1,23,Mercy Hospital Bakersfield | 2215 Truxtun Ave | Bakersfield | CA | 93301 | BDC | Yes | Hospital
4,2,1,DESIGNATION
4,2,2,TYPE
4,3,1,CONSUMER
4,3,2,TRANSPARENCY1
4,4,1,CENTER
4,4,2,TYPE2
5,1,1,PROVIDER NAME | ADDRESS | CITY | STATE | ZIP CODE | DESIGNATION TYPE | CONSUMER TRANSPARENCY1 | CENTER TYPE2
5,1,2,MERCY MEDICAL CENTER REDDING | 2175 ROSALINE AVE | REDDING | CA | 96001 | BDC | No | Hospital
5,1,3,Orange Coast Mem Med Ctr | 9920 Talbert Ave | Fountain Valley | CA | 92708 | BDC | Yes | Hospital
5,1,4,Providence Holy Cross Med Ctr | 15031 RINALDI ST | MISSION HILLS | CA | 91345 | BDC | No | Hospital
5,1,5,Providence Mission Hospital | 27700 Medical Center Rd | Mission Viejo | CA | 92691 | BDC | No | Hospital
5,1,6,Providence Queen of the Valley Medical Center | 1000 Trancas St | Napa | CA | 94558 | BDC | No | Hospital
5,1,7,Providence Saint Joseph Med Ctr | 501 S Buena Vista St | Burbank | CA | 91505 | BDC+ | No | Hospital
5,1,8,Providence Santa Rosa Memorial Hospital | 1165 Montgomery Dr | Santa Rosa | CA | 95405 | BDC+ | No | Hospital
5,1,9,Providence St Joseph Hospital | 1100 W Stewart Dr | Orange | CA | 92868 | BDC+ | No | Hospital
5,1,10,Providence St Joseph Hospital Eureka | 2700 Dolbeer St | Eureka | CA | 95501-4736 | BDC | No | Hospital
5,1,11,Providence St Jude Medical Center | 101 E Valencia Mesa Dr | Fullerton | CA | 92835 | BDC+ | No | Hospital
5,1,12,Providence St Mary Medical Center | 18300 US Highway 18 | Apple Valley | CA | 92307 | BDC | No | Hospital
5,1,13,Ronald Reagan Ucla Med Ctr | 757 WESTWOOD PLZ | LOS ANGELES | CA | 90095 | BDC | No | Hospital
5,1,14,San Luis Obispo Surgery Center | 1304 Ella St | San Luis Obispo | CA | 93401-4167 | BDC | No | ASC
5,1,15,Santa Monica Ucla Med Ctr | 1250 16Th St | Santa Monica | CA | 90404 | BDC+ | Yes | Hospital
5,1,16,Santa Rosa Surgery And Endoscopy Center | 34 Mark West Springs Rd | Santa Rosa | CA | 95403-1783 | BDC | No | ASC
5,1,17,Sharp Memorial Hospital | 7901 FROST ST | SAN DIEGO | CA | 92123 | BDC | No | Hospital
5,1,18,Simi Valley Hosp and Health Care SVS | 2975 Sycamore Dr | Simi Valley | CA | 93065 | BDC+ | Yes | Hospital
5,1,19,Southwest Healthcare Palmdale Regional Medical Center | 38600 Medical Center Dr | Palmdale | CA | 93551-4483 | BDC | No | Hospital
5,1,20,Southwest Healthcare Palmdale Regional Medical Center | 38600 Medical Center Dr | Palmdale | CA | 93551-4483 | BDC+ | No | Hospital
5,1,21,St Johns Regional Medical Center | 1600 N Rose Ave | Oxnard | CA | 93030-3722 | BDC | No | Hospital
5,1,22,St Josephs Medical Center | 1800 N California St | Stockton | CA | 95204 | BDC | No | Hospital
5,2,1,DESIGNATION
5,2,2,TYPE
5,3,1,CONSUMER
5,3,2,TRANSPARENCY1
5,4,1,CENTER
5,4,2,TYPE2
6,1,1,PROVIDER NAME | ADDRESS | CITY | STATE | ZIP CODE | DESIGNATION TYPE | CONSUMER TRANSPARENCY1 | CENTER TYPE2
6,1,2,St Josephs Medical Center | 1800 N California St | Stockton | CA | 95204 | BDC+ | No | Hospital
6,1,3,Stanford Health Care | 300 Pasteur Dr | Stanford | CA | 94305 | BDC | No | Hospital
6,1,4,Stanford Health Care | 300 Pasteur Dr | Stanford | CA | 94305 | BDC | Yes | Hospital
6,1,5,Stanford Health Care Tri-Valley | 5555 W Las Positas Blvd | Pleasanton | CA | 94588 | BDC | No | Hospital
6,1,6,Sutter Maternity and Surgery Center of Santa Cruz | 2900 Chanticleer Ave | Santa Cruz | CA | 95065 | BDC | No | Hospital
6,1,7,Sutter Santa Rosa Regional Hospital | 30 Mark West Springs Rd | Santa Rosa | CA | 95403 | BDC | No | Hospital
6,1,8,Sutter Sierra Surgery Center | 8 Medical Plaza Dr | Roseville | CA | 95661 | BDC | No | ASC
6,1,9,Sutter Solano Med Ctr | 300 Hospital Dr | Vallejo | CA | 94589 | BDC | No | Hospital
6,1,10,Torrance Memorial Medical Center | 3330 LOMITA BLVD | TORRANCE | CA | 90505 | BDC+ | No | Hospital
6,1,11,Tri City Medical Ctr | 4002 Vista Way | Oceanside | CA | 92056 | BDC | No | Hospital
6,1,12,Ucsd La Jolla John Sally Thornton | 9300 CAMPUS POINT DR | LA JOLLA | CA | 92037 | BDC | No | Hospital
6,1,13,Ucsd Medical Ctr | 200 W Arbor Dr | San Diego | CA | 92103 | BDC | No | Hospital
6,1,14,Ucsd Medical Ctr | 200 W Arbor Dr | San Diego | CA | 92103 | BDC+ | No | Hospital
6,1,15,Ucsf Medical Center | 505 Parnassus Ave | San Francisco | CA | 94143 | BDC | Yes | Hospital
6,1,16,WOODLAND MEMORIAL HOSP | 1325 COTTONWOOD ST | WOODLAND | CA | 95695 | BDC | No | Hospital
6,1,17,WOODLAND MEMORIAL HOSP | 1325 COTTONWOOD ST | WOODLAND | CA | 95695 | BDC+ | No | Hospital
6,1,18,DTC Surgery Center LLC | 135 Inverness Drive East | Englewood | CO | 80112 | BDC | Yes | ASC
6,1,19,Medical Center of The Rockies | 2500 Rocky Mountain Ave | Loveland | CO | 80538-9004 | BDC | No | Hospital
6,1,20,Memorial Health System | 1400 E Boulder St | Colorado Springs | CO | 80909 | BDC | Yes | Hospital
6,1,21,Poudre Valley Hospital | 1024 S Lemay Ave | Fort Collins | CO | 80524-3929 | BDC | No | Hospital
6,1,22,Rose Medical Ctr | 4567 E 9th Ave | Denver | CO | 80220 | BDC+ | No | Hospital
6,1,23,Surgcenter of Castle Rock LLC | 4700 Castleton Way; Ste 101 | Castle Rock | CO | 80109 | BDC | No | ASC
6,1,24,Swedish Medical Center | 501 E Hampden Ave | Englewood | CO | 80113 | BDC+ | No | Hospital
6,1,25,Danbury Hospital | 24 Hospital Ave | Danbury | CT | 06810-6099 | BDC | No | Hospital
6,1,26,Greenwich Hospital | 5 Perryridge Rd | Greenwich | CT | 06830 | BDC | Yes | Hospital
6,1,27,Hartford Hospital | 80 Seymour St | Hartford | CT | 06102-8000 | BDC+ | No | Hospital
6,2,1,DESIGNATION
6,2,2,TYPE
6,3,1,CONSUMER
6,3,2,TRANSPARENCY1
6,4,1,CENTER
6,4,2,TYPE2
7,1,1,PROVIDER NAME | ADDRESS | CITY | STATE | ZIP CODE | DESIGNATION TYPE | CONSUMER TRANSPARENCY1 | CENTER TYPE2
7,1,2,John Dempsey Hospital | 263 Farmington Ave | Farmington | CT | 06030 | BDC+ | Yes | Hospital
7,1,3,Lawrence And Memorial Hospital | 365 Montauk Ave | New London | CT | 06320-4700 | BDC+ | Yes | Hospital
7,1,4,Midstate Medical Center | 435 Lewis Ave | Meriden | CT | 06451-2101 | BDC+ | No | Hospital
7,1,5,St Marys Hospital Corporation | 56 Franklin St | Waterbury | CT | 06706-1253 | BDC | No | Hospital
7,1,6,Svmc Holdings | 2800 Main St | Bridgeport | CT | 06606-4201 | BDC+ | No | Hospital
7,1,7,William W. Backus Hospital | 326 Washington St | Norwich | CT | 06360-2740 | BDC+ | No | Hospital
7,1,8,Yale New Haven Hospital St Raphael Campus | 1450 Chapel St | New Haven | CT | 06511 | BDC | Yes | Hospital
7,1,9,Adventhealth Altamonte Springs | 601 E Altamonte Dr | Altamonte Springs | FL | 32701 | BDC | No | Hospital
7,1,10,Adventhealth Carrollwood | 7171 N Dale Mabry Hwy | Tampa | FL | 33614 | BDC | No | Hospital
7,1,11,Adventhealth Fish Memorial | 1055 Saxon Blvd | Orange City | FL | 32763 | BDC | No | Hospital
7,1,12,Adventhealth Winter Garden | 2000 FOWLER GROVE BLVD | Winter Garden | FL | 34787 | BDC | No | Hospital
7,1,13,AdventHealth Apopka | 201 N Park Ave | Apopka | FL | 32703 | BDC | No | Hospital
7,1,14,ADVENTHEALTH CELEBRATION | 400 CELEBRATION PL | Celebration | FL | 34747 | BDC | No | Hospital
7,1,15,Ascension Sacred Heart Hospital Emerald Coast | 7800 US Highway 98 W | Miramar Beach | FL | 32550 | BDC+ | Yes | Hospital
7,1,16,Ascension Sacred Heart Pensacola | 5151 N 9Th Ave | Pensacola | FL | 32504 | BDC+ | No | Hospital
7,1,17,Ascension St Vincents Medical Center Riverside | 1 Shircliff Way | Jacksonville | FL | 32204 | BDC+ | Yes | Hospital
7,1,18,Ascension St Vincents Medical Center Southside | 4201 Belfort Rd | Jacksonville | FL | 32216 | BDC+ | Yes | Hospital
7,1,19,Ascension St. Vincent's St. John's County | 205 TRINITY WAY | Saint Johns | FL | 32259 | BDC | Yes | Hospital
7,1,20,Boca Raton Regional Hospital Inc | 800 Meadows Rd | Boca Raton | FL | 33486 | BDC+ | Yes | Hospital
7,1,21,Cleveland Clinic Florida Health System Nonprofit | 3100 Weston Rd | Weston | FL | 33331 | BDC+ | No | Hospital
7,1,22,Cleveland Clinic Indian River Hospital | 1000 36Th St | Vero Beach | FL | 32960 | BDC+ | No | Hospital
7,2,1,DESIGNATION
7,2,2,TYPE
7,3,1,CONSUMER
7,3,2,TRANSPARENCY1
7,4,1,CENTER
7,4,2,TYPE2
8,1,1,PROVIDER NAME | ADDRESS | CITY | STATE | ZIP CODE | DESIGNATION TYPE | CONSUMER TRANSPARENCY1 | CENTER TYPE2
8,1,2,Cleveland Clinic Tradition Hospital | 10000 SW Innovation Way | Port Saint Lucie | FL | 34987 | BDC | No | Hospital
8,1,3,Delray Beach Surgical Suites | 555 SE 5Th Ave | Delray Beach | FL | 33483 | BDC | Yes | ASC
8,1,4,Delray Medical Center | 5352 Linton Blvd | Delray Beach | FL | 33484 | BDC | Yes | Hospital
8,1,5,Halifax Medical Center | 303 N Clyde Morris Blvd | Daytona Beach | FL | 32114 | BDC | No | Hospital
8,1,6,HCA Florida Blake Hospital | 2020 59Th St W | Bradenton | FL | 34209 | BDC | Yes | Hospital
8,1,7,HCA Florida Fawcett Hospital | 21298 Olean Blvd | Port Charlotte | FL | 33952 | BDC | Yes | Hospital
8,1,8,HCA Florida Memorial Hospital | 3625 University Blvd S | Jacksonville | FL | 32216 | BDC | Yes | Hospital
8,1,9,HCA Florida Palms West Hospital | 13001 Southern Blvd | Loxahatchee | FL | 33470 | BDC+ | No | Hospital
8,1,10,HCA FLORIDA KENDALL HOSPITAL | 11750 SW 40TH ST | Miami | FL | 33175 | BDC | No | Hospital
8,1,11,HCA FLORIDA NORTHWEST HOSPITAL | 2801 N STATE ROAD 7 | Margate | FL | 33063 | BDC | No | Hospital
8,1,12,HCA FLORIDA ORANGE PARK HOSPITAL | 2001 KINGSLEY AVE | Orange Park | FL | 32073 | BDC | No | Hospital
8,1,13,Lakewood Ranch Medical Center | 8330 Lakewood Ranch Blvd | Lakewood Ranch | FL | 34202 | BDC | No | Hospital
8,1,14,Mayo Clinic Florida Hospital | 4500 San Pablo Rd S | Jacksonville | FL | 32224 | BDC+ | No | Hospital
8,1,15,"Melbourne Surgery Center (ASC) | 95 Bulldog Blvd, Suite 104 | Melbourne | FL | 32901 | BDC | No | ASC"
8,1,16,Mount Sinai Medical Center | 4300 ALTON RD | Miami Beach | FL | 33140 | BDC+ | No | Hospital
8,1,17,Orlando Health Central | 10000 W Colonial Dr | Ocoee | FL | 34761 | BDC | Yes | Hospital
8,1,18,"Orthopedic Surgery Center of Palm Beach County,LLC | 10275 Hagen Ranch Road, Suite 100 | Boynton Beach | FL | 33437 | BDC | No | ASC"
8,1,19,Sarasota Memorial Hospital | 1700 S Tamiami Trl | Sarasota | FL | 34239 | BDC | No | Hospital
8,1,20,Shands and University of Florida Health Care Ntwk | 1600 SW ARCHER RD | Gainesville | FL | 32610 | BDC+ | Yes | Hospital
8,1,21,St Marys Medical Center | 901 45th St | West Palm Beach | FL | 33407 | BDC | Yes | Hospital
8,1,22,West Boca Medical Center | 21644 STATE ROAD 7 | Boca Raton | FL | 33428 | BDC | No | Hospital
8,1,23,Chatham Orthopaedic Surgery Center | 4425 Paulsen St | Savannah | GA | 31405-3663 | BDC+ | No | ASC
8,2,1,DESIGNATION
8,2,2,TYPE
8,3,1,CONSUMER
8,3,2,TRANSPARENCY1
8,4,1,CENTER
8,4,2,TYPE2
9,1,1,PROVIDER NAME | ADDRESS | CITY | STATE | ZIP CODE | DESIGNATION TYPE | CONSUMER TRANSPARENCY1 | CENTER TYPE2
9,1,2,Coliseum Medical Center | 350 Hospital Dr | Macon | GA | 31217-3838 | BDC+ | No | Hospital
9,1,3,Macon Northside Hospital | 400 Charter Blvd | Macon | GA | 31210-4831 | BDC+ | No | Hospital
9,1,4,Northside Hospital | 1000 Johnson Ferry Rd | Atlanta | GA | 30342-1606 | BDC | No | Hospital
9,1,5,Northside Hospital Cherokee | 450 Northside Cherokee Blvd | Canton | GA | 30115-8015 | BDC | No | Hospital
9,1,6,Northside Hospital Forsyth | 1200 Northside Forsyth Dr | Cumming | GA | 30041-7659 | BDC | No | Hospital
9,1,7,Piedmont Fayette Hospital | 1255 Highway 54 W | Fayetteville | GA | 30214-4526 | BDC | Yes | Hospital
9,1,8,Piedmont Henry Hospital | 1133 Eagles Landing Pkwy | Stockbridge | GA | 30281-5085 | BDC | Yes | Hospital
9,1,9,Piedmont Hospital | 1968 Peachtree Rd Nw | Atlanta | GA | 30309-1281 | BDC | Yes | Hospital
9,1,10,Piedmont Rockdale Hospital | 1412 Milstead Ave Ne | Conyers | GA | 30012-3877 | BDC | Yes | Hospital
9,1,11,Tift Regional Medical Center | 901 18th St E | Tifton | GA | 31794-3648 | BDC | Yes | Hospital
9,1,12,Kuakini Medicalctr | 347 N Kuakini St | Honolulu | HI | 96817 | BDC | Yes | Hospital
9,1,13,Queen's Medical Center | 1301 Punchbowl St | Honolulu | HI | 96813 | BDC | No | Hospital
9,1,14,Iowa Methodist Medical Center | 1200 PLEASANT ST | DES MOINES | IA | 50309-1406 | BDC+ | No | Hospital
9,1,15,Mercy Medical Center | 701 10Th St SE | Cedar Rapids | IA | 52403-1251 | BDC+ | Yes | Hospital
9,1,16,MercyOne Des Moines Medical Center | 1111 6TH AVE | DES MOINES | IA | 50314-2613 | BDC | No | Hospital
9,1,17,MercyOne North Iowa Medical Center | 1000 4Th St SW | Mason City | IA | 50401-2800 | BDC+ | No | Hospital
9,1,18,Methodist West Hospital | 1660 60TH ST | WEST DES MOINES | IA | 50266-7700 | BDC | Yes | Hospital
9,1,19,University of Iowa Health Care | 200 Hawkins Dr | Iowa City | IA | 52242-1009 | BDC+ | Yes | Hospital
9,1,20,University of Iowa Health Care Medical Center Hosp | 500 E MARKET ST | IOWA CITY | IA | 52245-2633 | BDC+ | Yes | Hospital
9,1,21,Northwest Specialty Hospital | 1593 E Polston Ave | Post Falls | ID | 83854-5326 | BDC+ | Yes | Hospital
9,1,22,ST LUKES REGIONAL MEDICAL CENTER | 190 E Bannock St | Boise | ID | 83712-6241 | BDC | No | Hospital
9,1,23,TREASURE VALLEY HOSPITAL | 8800 W Emerald St | Boise | ID | 83704-8205 | BDC+ | No | Hospital
9,2,1,DESIGNATION
9,2,2,TYPE
9,3,1,CONSUMER
9,3,2,TRANSPARENCY1
9,4,1,CENTER
9,4,2,TYPE2
10,1,1,PROVIDER NAME | ADDRESS | CITY | STATE | ZIP CODE | DESIGNATION TYPE | CONSUMER TRANSPARENCY1 | CENTER TYPE2
10,1,2,Advocate Christ Hosp Med Cntr | 4440 W 95th St | Oak Lawn | IL | 60453 | BDC+ | No | Hospital
10,1,3,ADVOCATE CONDELL MEDICAL CENTER | 801 S Milwaukee Ave | Libertyville | IL | 60048 | BDC+ | No | Hospital
10,1,4,ADVOCATE GOOD SAMARITAN HOSPITAL | 3815 Highland Ave | Downers Grove | IL | 60515 | BDC+ | No | Hospital
10,1,5,ADVOCATE GOOD SHEPHERD HOSPITAL | 450 W Il Hwy 22 | Barrington | IL | 60010 | BDC+ | No | Hospital
10,1,6,ADVOCATE ILLINOIS MASONIC MED CNT | 836 W Wellington Ave | Chicago | IL | 60657 | BDC | No | Hospital
10,1,7,ADVOCATE LUTHERAN GENERAL HOSP | 1775 Dempster St | Park Ridge | IL | 60068 | BDC+ | No | Hospital
10,1,8,ADVOCATE SHERMAN HOSPITAL | 1425 N Randall Rd | Elgin | IL | 60123 | BDC+ | No | Hospital
10,1,9,ADVOCATE SOUTH SUBURBAN HOSPITAL | 17800 Kedzie Ave | Hazel Crest | IL | 60429 | BDC+ | No | Hospital
10,1,10,ADVOCATE SURGERY CTR LIBERTYVILLE | 825 S Milwaukee Ave | Libertyville | IL | 60048-3218 | BDC+ | No | ASC
10,1,11,ALEXIAN BROTHERS MEDICAL CENTER | 800 Biesterfield Rd | Elk Grove Village | IL | 60007 | BDC+ | No | Hospital
10,1,12,Blessing Hospital | 1005 BROADWAY ST | QUINCY | IL | 62301-2834 | BDC | No | Hospital
10,1,13,Carle Foundation Hosp | 611 W PARK ST | URBANA | IL | 61801-2500 | BDC | No | Hospital
10,1,14,CARLE BROMENN MEDICAL CENTER | 1304 FRANKLIN AVE | NORMAL | IL | 61761-3558 | BDC+ | No | Hospital
10,1,15,CARLE HEALTH METHODIST HOSPITAL | 221 NE Glen Oak Ave | Peoria | IL | 61636 | BDC | No | Hospital
10,1,16,CENTRAL DUPAGE HOSPITAL | 25 N WINFIELD RD | WINFIELD | IL | 60190-1379 | BDC | Yes | Hospital
10,1,17,Copley Memorial Hospital | 2000 OGDEN AVE | AURORA | IL | 60504-7222 | BDC+ | No | Hospital
10,1,18,EDWARD HOSPITAL | 801 S Washington St | Naperville | IL | 60540-7430 | BDC+ | No | Hospital
10,1,19,Endeavor Health Elmhurst Hospital | 155 E Brush Hill Rd | Elmhurst | IL | 60126 | BDC+ | No | Hospital
10,1,20,GOLD COAST SURGICENTER LLC | 845 N Michigan Ave | Chicago | IL | 60611 | BDC | No | ASC
10,1,21,HAWTHORN SURGERY CENTER | 240 Center Dr | Vernon Hills | IL | 60061 | BDC | Yes | ASC
10,1,22,INGALLS MEMORIAL HOSPITAL | 1 Ingalls Dr | Harvey | IL | 60426 | BDC+ | No | Hospital
10,1,23,INSIGHT HOSPITAL MEDICAL CTR CHI | 2525 S Michigan Ave | Chicago | IL | 60616 | BDC | No | Hospital
10,1,24,Loyola University Medical Center | 2160 S 1ST AVE | MAYWOOD | IL | 60153-3328 | BDC+ | No | Hospital
10,2,1,DESIGNATION
10,2,2,TYPE
10,3,1,CONSUMER
10,3,2,TRANSPARENCY1
10,4,1,CENTER
10,4,2,TYPE2
11,1,1,PROVIDER NAME | ADDRESS | CITY | STATE | ZIP CODE | DESIGNATION TYPE | CONSUMER TRANSPARENCY1 | CENTER TYPE2
11,1,2,MIDWEST CENTER FOR DAY SURGERY | 3811 Highland Ave | Downers Grove | IL | 60515 | BDC | No | ASC
11,1,3,Northshore Evanston Hospital | 2650 RIDGE AVE | EVANSTON | IL | 60201-1718 | BDC+ | Yes | Hospital
11,1,4,Northshore Skokie Hospital | 9600 Gross Point Rd | Skokie | IL | 60076 | BDC | No | Hospital
11,1,5,NORTHWESTERN MEMORIAL HOSPITAL | 251 E HURON | CHICAGO | IL | 60611-2908 | BDC | Yes | Hospital
11,1,6,PALOS COMMUNITY HOSPITAL | 12251 S 80Th Ave | Palos Heights | IL | 60463-1290 | BDC+ | No | Hospital
11,1,7,Presence St Marys Hospital | 500 W Court St | Kankakee | IL | 60901 | BDC | Yes | Hospital
11,1,8,PRESENCE ST JOSEPH HOSP ELGIN | 77 N Airlite St | Elgin | IL | 60123 | BDC+ | Yes | Hospital
11,1,9,RIVERSIDE MEDICAL CENTER | 350 N Wall St | Kankakee | IL | 60901-2901 | BDC | No | Hospital
11,1,10,RUSH OAK BROOK SURGERY CENTER | 2011 York Rd Ste 3000 | Oak Brook | IL | 60523 | BDC | No | ASC
11,1,11,RUSH UNIVERSITY MEDICAL CENTER | 1653 W Congress Pkwy | Chicago | IL | 60612-3833 | BDC+ | No | Hospital
11,1,12,Saint Anthony Medical Center | 5666 E STATE ST | ROCKFORD | IL | 61108-2425 | BDC | No | Hospital
11,1,13,SOUTHWEST SURGERY CENTER LLC CNTR | 19110 Darvin Dr | Mokena | IL | 60448 | BDC | Yes | ASC
11,1,14,SPECIALTY SURGICARE LTD | 500 W Golf Rd | Schaumburg | IL | 60195-3503 | BDC | No | ASC
11,1,15,St Alexius Medical Center | 1555 Barrington Rd | Hoffman Estates | IL | 60169 | BDC+ | No | Hospital
11,1,16,SWEDISH COVENANT HOSPITAL | 5145 N California Ave | Chicago | IL | 60625 | BDC | No | Hospital
11,1,17,UCM ADVENTHEALTH HINSDALE | 120 N Oak St | Hinsdale | IL | 60521 | BDC | No | Hospital
11,1,18,UNIVERSITY OF CHICAGO MEDICAL CEN | 5841 S MARYLAND AVE | CHICAGO | IL | 60637-1447 | BDC | Yes | Hospital
11,1,19,Asc Surgical Ventures | 3028 Beacon Parkway | Granger | IN | 46530 | BDC | No | ASC
11,1,20,Ascension St Vincent Hospital | 2001 W 86th St | Indianapolis | IN | 46260-1902 | BDC | No | Hospital
11,1,21,Ascension St Vincent Kokomo | 1907 W Sycamore St | Kokomo | IN | 46901-5148 | BDC | No | Hospital
11,1,22,Baptist Health Floyd | 1850 State St | New Albany | IN | 47150-4990 | BDC | No | Hospital
11,1,23,Beltway Surgery Centers At Methodist Medical Plaza | 151 Pennsylvania Pkwy | Carmel | IN | 46280-1379 | BDC | Yes | ASC
11,2,1,DESIGNATION
11,2,2,TYPE
11,3,1,CONSUMER
11,3,2,TRANSPARENCY1
11,4,1,CENTER
11,4,2,TYPE2
12,1,1,PROVIDER NAME | ADDRESS | CITY | STATE | ZIP CODE | DESIGNATION TYPE | CONSUMER TRANSPARENCY1 | CENTER TYPE2
12,1,2,Community Hospital | 901 Macarthur Blvd | Munster | IN | 46321-2901 | BDC+ | No | Hospital
12,1,3,Community Hospital of Anderson | 1515 N Madison Ave | Anderson | IN | 46011-3453 | BDC | No | Hospital
12,1,4,Community Hospital South | 1402 E County Line Rd | Indianapolis | IN | 46227-0963 | BDC | Yes | Hospital
12,1,5,Community Hospitals North | 7150 Clearvista Dr | Indianapolis | IN | 46256-1695 | BDC | Yes | Hospital
12,1,6,Dupont Hospital | 2520 E Dupont Rd | Fort Wayne | IN | 46825-1675 | BDC | No | Hospital
12,1,7,Eagle Highlands Surg Ctr LLC (ASC) | 6850 Parkdale Pl | Indianapolis | IN | 46254 | BDC | Yes | ASC
12,1,8,Franciscan Health Indianapolis | 8111 S Emerson Ave | Indianapolis | IN | 46237-8601 | BDC+ | No | Hospital
12,1,9,Franciscan Health Indianapolis Orthopedic Hospital | 10777 Illinois St | Carmel | IN | 46032-8972 | BDC | No | Hospital
12,1,10,Franciscan Health Lafayette | 1701 S Creasy Ln | La Fayette | IN | 47905 | BDC+ | No | Hospital
12,1,11,Franciscan Health Michigan City | 3500 Franciscan Way | Michigan City | IN | 46360-0033 | BDC | Yes | Hospital
12,1,12,Franciscan Orthopedic Surgery Center | 10777 Illinois St | Carmel | IN | 46032-8972 | BDC+ | No | ASC
12,1,13,Indiana University Health Arnett Hospital | 5165 McCarty Ln | La Fayette | IN | 47905 | BDC | Yes | Hospital
12,1,14,Indiana University Health Ball Memorial Hospital | 2401 W University Ave | Muncie | IN | 47303-3428 | BDC | Yes | Hospital
12,1,15,Indiana University Health Bloomington Hospital | 2651 E Discovery Pkwy | Bloomington | IN | 47408-9059 | BDC | Yes | Hospital
12,1,16,Indiana University Health North Hospital | 11700 N Meridian St | Carmel | IN | 46032-4656 | BDC | Yes | Hospital
12,1,17,Indiana University Health Saxony Surgery Center LL (ASC) | 13100 E 136th St | Fishers | IN | 46037 | BDC | Yes | ASC
12,1,18,Iu Health Fort Wayne Surgery Center | 4105 Dicke Rd | Fort Wayne | IN | 46804-6135 | BDC | Yes | ASC
12,1,19,Lutheran Hospital of Indiana | 7950 W Jefferson Blvd | Fort Wayne | IN | 46804-4140 | BDC+ | No | Hospital
12,1,20,North Meridian Surgery Center | 13225 N Meridian St | Carmel | IN | 46032-5480 | BDC | No | ASC
12,1,21,Orthoindy Hospital | 1260 Innovation Pkwy | Greenwood | IN | 46143-3604 | BDC | Yes | Hospital
12,1,22,Orthoindy Hospital | 246 E 175th St | Westfield | IN | 46074-8934 | BDC | Yes | Hospital
12,1,23,Orthoindy Hospital | 7950 Ortho Ln | Brownsburg | IN | 46112-9354 | BDC | Yes | Hospital
12,2,1,DESIGNATION
12,2,2,TYPE
12,3,1,CONSUMER
12,3,2,TRANSPARENCY1
12,4,1,CENTER
12,4,2,TYPE2
13,1,1,PROVIDER NAME | ADDRESS | CITY | STATE | ZIP CODE | DESIGNATION TYPE | CONSUMER TRANSPARENCY1 | CENTER TYPE2
13,1,2,Orthoindy Hospital | 8400 Northwest Blvd | Indianapolis | IN | 46278-1381 | BDC+ | Yes | Hospital
13,1,3,Schneck Medical Center | 411 W Tipton St | Seymour | IN | 47274-2363 | BDC | Yes | Hospital
13,1,4,St Mary Medical Center Hobart | 1500 S Lake Park Ave | Hobart | IN | 46342-6638 | BDC | No | Hospital
13,1,5,St Vincent Carmel Hospital | 13500 N Meridian St | Carmel | IN | 46032-1456 | BDC | Yes | Hospital
13,1,6,The Orthopaedic Hospital | 7952 W Jefferson Blvd | Fort Wayne | IN | 46804-4140 | BDC+ | No | Hospital
13,1,7,Labette County Medical Center Cah | 1902 S US Highway 59 | Parsons | KS | 67357 | BDC | No | Hospital
13,1,8,Midwest Surgery Center LC (ASC) | 825 N Hillside St | Wichita | KS | 67214 | BDC | Yes | ASC
13,1,9,NMC Health | 600 Medical Center Dr | Newton | KS | 67114 | BDC | No | Hospital
13,1,10,SALINA REGIONAL HEALTH CENTER | 400 S Santa Fe Ave | Salina | KS | 67401 | BDC+ | Yes | Hospital
13,1,11,Surgicenter of Johnson County | 8800 Ballentine St | Overland Park | KS | 66214-1900 | BDC | No | ASC
13,1,12,University of Kansas Health System St Francis Hptl | 1700 SW 7th St | Topeka | KS | 66606 | BDC | No | Hospital
13,1,13,Baptist Health Lexington | 1740 Nicholasville Rd | Lexington | KY | 40503-1431 | BDC | Yes | Hospital
13,1,14,Lexington Surgery Center (ASC) | 2115 Harrodsburg Road | Lexington | KY | 40504 | BDC+ | No | ASC
13,1,15,Norton Audubon Hospital | 1 Audubon Plaza Dr | Louisville | KY | 40217-1318 | BDC | Yes | Hospital
13,1,16,Norton Brownsboro Hospital | 4960 Norton Healthcare Blvd | Louisville | KY | 40241-2831 | BDC | Yes | Hospital
13,1,17,Norton Womens And Childrens Hospital | 4001 Dutchmans Ln | Louisville | KY | 40207-4714 | BDC | Yes | Hospital
13,1,18,Saint Joseph Health System | 1 Saint Joseph Dr | Lexington | KY | 40504-3742 | BDC+ | No | Hospital
13,1,19,Saint Joseph London | 1001 Saint Joseph Ln | London | KY | 40741-8345 | BDC | Yes | Hospital
13,1,20,St Elizabeth Healthcare | 4900 Houston Rd | Florence | KY | 41042-4824 | BDC | Yes | Hospital
13,1,21,Avala | 67252 Industry Ln | Covington | LA | 70433 | BDC+ | No | Hospital
13,1,22,Baton Rouge General Medical Center | 8585 Picardy Avenue | Baton Rouge | LA | 70809 | BDC | No | Hospital
13,1,23,Lafayette General Medical Center | 1214 Coolidge Boulevard | Lafayette | LA | 70503 | BDC | No | Hospital
13,2,1,DESIGNATION
13,2,2,TYPE
13,3,1,CONSUMER
13,3,2,TRANSPARENCY1
13,4,1,CENTER
13,4,2,TYPE2
14,1,1,PROVIDER NAME | ADDRESS | CITY | STATE | ZIP CODE | DESIGNATION TYPE | CONSUMER TRANSPARENCY1 | CENTER TYPE2
14,1,2,Lafayette Surgical Specialty Hospital | 1101 Kaliste Saloom Rd | Lafayette | LA | 70508 | BDC+ | No | Hospital
14,1,3,Ochsner Medical Center | 1221 South Clearview Parkway | Jefferson | LA | 70121 | BDC | No | Hospital
14,1,4,Our Lady of Lourdes Regional Medical Center | 4801 Ambassador Caffery Parkway | Lafayette | LA | 70508 | BDC | Yes | Hospital
14,1,5,Park Place Surgical Hospital | 4811 Ambassador Caffery Pkwy | Lafayette | LA | 70508 | BDC+ | No | Hospital
14,1,6,Thibodaux Regional Health System | 602 North Acadia Road | Thibodaux | LA | 70301 | BDC+ | Yes | Hospital
14,1,7,Willis-Knighton Bossier Health Center | 2400 Hospital Drive | Bossier City | LA | 71111 | BDC | No | Hospital
14,1,8,Boston Medical Center | One Boston Medical Center Place | Boston | MA | 2118 | BDC | No | Hospital
14,1,9,Brown University Health Saint Anne's Hospital | 795 Middle Street | Fall River | MA | 02721 | BDC | Yes | Hospital
14,1,10,Cape Cod Hospital | 27 Park Street | Hyannis | MA | 2601 | BDC | No | Hospital
14,1,11,Charlton Memorial Hospital | 363 Highland Ave | Fall River | MA | 02720 | BDC | No | Hospital
14,1,12,Lowell General Hospital | 295 Varnum Avenue | Lowell | MA | 1854 | BDC+ | No | Hospital
14,1,13,Mount Auburn Hospital | 330 Mount Auburn Street | Cambridge | MA | 2138 | BDC+ | No | Hospital
14,1,14,Southcoast Hospitals Group - St. Luke's Hospital | 101 Page Street | New Bedford | MA | 02740 | BDC+ | No | Hospital
14,1,15,TIDALHEALTH PENINSULA REGIONAL INC | 100 E CARROLL ST | Salisbury | MD | 21801 | BDC+ | Yes | Hospital
14,1,16,UPPER CHESAPEAKE MEDICAL CENTER | 500 UPPER CHESAPEAKE DR | Bel Air | MD | 21014 | BDC+ | No | Hospital
14,1,17,St Joseph Hospital | 360 Broadway | Bangor | ME | 04401-3979 | BDC | No | Hospital
14,1,18,Ascension Borgess Hospital | 1521 GULL RD | Kalamazoo | MI | 49048 | BDC | No | Hospital
14,1,19,Ascension Providence Hospital-Novi | 47601 Grand River | Novi | MI | 48374 | BDC+ | No | Hospital
14,1,20,BRONSON METHODIST HOSPITAL | 601 JOHN ST | Kalamazoo | MI | 49007 | BDC+ | Yes | Hospital
14,1,21,Henry Ford Health St John Hospital | 22101 MOROSS RD | Detroit | MI | 48236 | BDC | No | Hospital
14,2,1,DESIGNATION
14,2,2,TYPE
14,3,1,CONSUMER
14,3,2,TRANSPARENCY1
14,4,1,CENTER
14,4,2,TYPE2
15,1,1,PROVIDER NAME | ADDRESS | CITY | STATE | ZIP CODE | DESIGNATION TYPE | CONSUMER TRANSPARENCY1 | CENTER TYPE2
15,1,2,Henry Ford Macomb Oakland Hospital | 11800 E 12 MILE RD | Warren | MI | 48093 | BDC+ | No | Hospital
15,1,3,Henry Ford Providence Hospital | 16001 W 9 MILE RD | Southfield | MI | 48075 | BDC+ | No | Hospital
15,1,4,HENRY FORD HOSPITAL | 2799 W Grand Blvd | Detroit | MI | 48202 | BDC | Yes | Hospital
15,1,5,HENRY FORD MACOMB HOSPITAL | 15855 19 MILE RD | Clinton Township | MI | 48038 | BDC | No | Hospital
15,1,6,HENRY FORD WYANDOTTE HOSPITAL | 2333 BIDDLE AVE | Wyandotte | MI | 48192 | BDC | Yes | Hospital
15,1,7,METRO HEALTH HOSPITAL | 5900 Byron Center Ave SW | Wyoming | MI | 49519 | BDC+ | No | Hospital
15,1,8,Abbott Northwestern Hospital An Allina Facility | 800 E 28Th St | Minneapolis | MN | 55407 | BDC+ | No | Hospital
15,1,9,Cuyuna Regional Medical Center | 320 E Main St | Crosby | MN | 56441 | BDC+ | Yes | Hospital
15,1,10,Eagan Orthopedic Surgery Center LLC | 2700 Vikings Cir Ste 300 | Eagan | MN | 55121 | BDC+ | Yes | ASC
15,1,11,Eagan Surgery Center | 2620 Eagan Woods Dr Ste 300 | Eagan | MN | 55121 | BDC+ | No | ASC
15,1,12,M Health Fairview Ridges Hospital | 201 E Nicollet Blvd | Burnsville | MN | 55337 | BDC+ | No | Hospital
15,1,13,M Health Fairview Southdale Hospital | 6401 France Ave S | Edina | MN | 55435 | BDC+ | No | Hospital
15,1,14,M Health Fairview St Johns Hospital | 1575 Beam Ave | Maplewood | MN | 55109 | BDC | No | Hospital
15,1,15,M Health Fairview University of Minnesota Medical Center | 2450 Riverside Ave | Minneapolis | MN | 55454 | BDC+ | No | Hospital
15,1,16,M Health Fairview Woodwinds Hospital | 1925 Woodwinds Dr | Woodbury | MN | 55125 | BDC+ | No | Hospital
15,1,17,Mayo Clinic Health System In Mankato | 1025 Marsh St | Mankato | MN | 56001 | BDC | No | Hospital
15,1,18,Mayo Clinic Hospital Rochester | 1216 2Nd St SW | Rochester | MN | 55902 | BDC | No | Hospital
15,1,19,Ridgeview Medical Center | 500 S Maple St | Waconia | MN | 55387 | BDC+ | Yes | Hospital
15,1,20,ST FRANCIS REGIONAL MEDICAL CENTER | 1455 Saint Francis Ave | Shakopee | MN | 55379 | BDC | No | Hospital
15,1,21,BEACON SURGERY CENTER | 2861 NE INDEPENDENCE AVE STE 101 | LEES SUMMIT | MO | 64064-2379 | BDC | Yes | ASC
15,1,22,Freeman Oakhill Health System | 1102 W 32nd St | Joplin | MO | 64804-3503 | BDC | Yes | Hospital
15,2,1,DESIGNATION
15,2,2,TYPE
15,3,1,CONSUMER
15,3,2,TRANSPARENCY1
15,4,1,CENTER
15,4,2,TYPE2
16,1,1,PROVIDER NAME | ADDRESS | CITY | STATE | ZIP CODE | DESIGNATION TYPE | CONSUMER TRANSPARENCY1 | CENTER TYPE2
16,1,2,Ssm Health Saint Louis University | 1201 S Grand Blvd | Saint Louis | MO | 63104 | BDC | Yes | Hospital
16,1,3,SSM Health St Marys Hospital Jefferson City | 2505 Mission Dr | Jefferson City | MO | 65109 | BDC+ | No | Hospital
16,1,4,St Luke Hospital | 232 S Woods Mill Rd | Chesterfield | MO | 63017-3406 | BDC+ | No | Hospital
16,1,5,Baptist Memorial Hospital Golden Tri | 2520 5th St N | Columbus | MS | 39705 | BDC+ | No | Hospital
16,1,6,Columbus Orthopaedic Outpatien | 640 Leigh Dr | Columbus | MS | 39705 | BDC+ | Yes | ASC
16,1,7,Forrest General Hospital | 6051 US Hwy 49 | Hattiesburg | MS | 39401 | BDC+ | No | Hospital
16,1,8,Madison Physician Surgery Center | 4510 Lakeland Drive | Floowood | MS | 39232 | BDC+ | No | ASC
16,1,9,Merit Health River Oaks | 1030 River Oaks Dr | Flowood | MS | 39232 | BDC+ | Yes | Hospital
16,1,10,Mississippi Baptist Medical Center | 1225 N State St | Jackson | MS | 39202 | BDC+ | No | Hospital
16,1,11,Ocean Springs Hospital | 3109 Bienville Blvd | Ocean Springs | MS | 39564 | BDC+ | Yes | Hospital
16,1,12,Singing River Hospital | 2809 Denny Ave | Pascagoula | MS | 39581 | BDC+ | Yes | Hospital
16,1,13,Billings Clinic | 2800 10Th Ave N | Billings | MT | 59101-0703 | BDC+ | No | Hospital
16,1,14,BOZEMAN HEALTH | 915 Highland Blvd | Bozeman | MT | 59715 | BDC | No | Hospital
16,1,15,BLUE RIDGE SURGERY CENTER | 2308 WESVILL CT | RALEIGH | NC | 27607 | BDC+ | No | ASC
16,1,16,CAROMONT REGIONAL MEDICAL CENTER | 2525 COURT DR | GASTONIA | NC | 28054 | BDC+ | No | Hospital
16,1,17,MOSES H CONE MEMORIAL HOSPITAL | 1200 N Elm St | Greensboro | NC | 27401 | BDC+ | Yes | Hospital
16,1,18,North Carolina Specialty Hospital | 3916 Ben Franklin Blvd | Durham | NC | 27704 | BDC+ | No | Hospital
16,1,19,NORTH CAROLINA BAPTIST HOSPITAL | Medical Center Blvd | Winston Salem | NC | 27157 | BDC+ | No | Hospital
16,1,20,REX HOSPITAL | 4420 LAKE BOONE TRL | RALEIGH | NC | 27607 | BDC+ | Yes | Hospital
16,1,21,WAKEMED CARY HOSPITAL | 1900 Kildaire Farm Rd | Cary | NC | 27518 | BDC+ | No | Hospital
16,1,22,SANFORD MEDICAL CENTER | 300 N 7Th St | Bismarck | ND | 58501 | BDC+ | Yes | Hospital
16,1,23,Chi Health Good Samaritan | 10 E 31st St | Kearney | NE | 68847-2908 | BDC | No | Hospital
16,1,24,Chi Health Immanuel | 6901 N 72nd St | Omaha | NE | 68122-1709 | BDC | No | Hospital
16,1,25,Chi Health St Elizabeth | 555 S 70th St | Lincoln | NE | 68510-2462 | BDC+ | Yes | Hospital
16,1,26,Nebraska Spine Hospital LLC | 6901 N 72nd St Ste 20300 | Omaha | NE | 68122-1755 | BDC+ | No | Hospital
16,2,1,DESIGNATION
16,2,2,TYPE
16,3,1,CONSUMER
16,3,2,TRANSPARENCY1
16,4,1,CENTER
16,4,2,TYPE2
17,1,1,PROVIDER NAME | ADDRESS | CITY | STATE | ZIP CODE | DESIGNATION TYPE | CONSUMER TRANSPARENCY1 | CENTER TYPE2
17,1,2,Orthonebraska Hospital | 2808 S 143rd Plz | Omaha | NE | 68144-5611 | BDC+ | Yes | Hospital
17,1,3,PHELPS MEMORIAL HEALTH CENTER | 1215 Tibbals St | Holdrege | NE | 68949-1255 | BDC | No | Hospital
17,1,4,Parkland Medical Center | 1 Parkland Dr | Derry | NH | 03038-2746 | BDC+ | No | Hospital
17,1,5,Hackensack UMC Palisades | 7600 RIVER RD | North Bergen | NJ | 07047-6217 | BDC | No | Hospital
17,1,6,Hackensack University Medical Center | 30 Prospect Ave | Hackensack | NJ | 07601-1915 | BDC | No | Hospital
17,1,7,JFK University Medical Center | 65 James St | Edison | NJ | 08820-3947 | BDC | No | Hospital
17,1,8,Kennedy Memorial Hospital | 435 HURFFVILLE CROSS KEYS RD | Turnersville | NJ | 08012-2453 | BDC+ | No | Hospital
17,1,9,Ocean University Medical Center | 425 JACK MARTIN BLVD | Brick | NJ | 08724-7732 | BDC+ | No | Hospital
17,1,10,Robert Wood Johnson at Hamilton | 1 Hamilton Health PL | Hamilton | NJ | 08690-3542 | BDC | No | Hospital
17,1,11,Virtua Our Lady of Lourdes Hospital | 1600 HADDON AVE | Camden | NJ | 08103-3101 | BDC+ | Yes | Hospital
17,1,12,Virtua West Jersey Health System | 100 BOWMAN DR | Voorhees | NJ | 08043-9612 | BDC | Yes | Hospital
17,1,13,Northern Nevada Medical Center | 2375 E Prater Way | Sparks | NV | 89434-9641 | BDC+ | No | Hospital
17,1,14,Renown Regional Medical Center | 1155 Mill St | Reno | NV | 89502-1576 | BDC+ | No | Hospital
17,1,15,Spring Valley Medical Center | 5400 S Rainbow Blvd | Las Vegas | NV | 89118-1859 | BDC | No | Hospital
17,1,16,Crouse Hospital | 736 Irving Ave | Syracuse | NY | 13210 | BDC+ | No | Hospital
17,1,17,Highland Hospital | 1000 South Ave | Rochester | NY | 14620 | BDC+ | No | Hospital
17,1,18,Hospital For Special Surgery | 535 E 70th St | New York | NY | 10021-4823 | BDC+ | No | Hospital
17,1,19,Millard Fillmore Suburban Hospital | 1540 MAPLE ROAD | BUFFALO | NY | 14221 | BDC | No | Hospital
17,1,20,New York Pres/Queens | 5645 Main St | Flushing | NY | 11355 | BDC | No | Hospital
17,1,21,Ny Presbyterian Westchester Hospital | 55 Palmer Ave | Bronxville | NY | 10708 | BDC | No | Hospital
17,1,22,Nyu Langone Hospital Brooklyn | 150 55th St | Brooklyn | NY | 11220 | BDC | Yes | Hospital
17,1,23,Nyu Langone Hospitals | 259 1st St | Mineola | NY | 11501 | BDC | Yes | Hospital
17,1,24,Nyu Langone Hospitals | 550 1st Ave | New York | NY | 10016 | BDC | Yes | Hospital
17,1,25,Presbyterian Allen Hosp | 5141 Broadway | New York | NY | 10034 | BDC | No | Hospital
17,2,1,DESIGNATION
17,2,2,TYPE
17,3,1,CONSUMER
17,3,2,TRANSPARENCY1
17,4,1,CENTER
17,4,2,TYPE2
18,1,1,PROVIDER NAME | ADDRESS | CITY | STATE | ZIP CODE | DESIGNATION TYPE | CONSUMER TRANSPARENCY1 | CENTER TYPE2
18,1,2,Rome Memorial Hospital | 1500 N James St | Rome | NY | 13440 | BDC+ | No | Hospital
18,1,3,Specialists One-Day Surgery Center | 5801 E Taft Rd | Syracuse | NY | 13212 | BDC+ | Yes | ASC
18,1,4,St Peter's Hospital | 315 S Manning Blvd | Albany | NY | 12208 | BDC | No | Hospital
18,1,5,St. Joseph's Hospital Health Center | 301 Prospect Ave | Syracuse | NY | 13203 | BDC+ | Yes | Hospital
18,1,6,The New York And Presbyterian Hospital | 525 E 68th St | New York | NY | 10065-4870 | BDC | No | Hospital
18,1,7,Beacon Orthopaedics Surgery Center | 501 E Business Way | Cincinnati | OH | 45241-2365 | BDC+ | Yes | ASC
18,1,8,Bethesda Hospital | 10500 Montgomery Rd | Montgomery | OH | 45242-4402 | BDC+ | No | Hospital
18,1,9,Crystal Clinic Orthopaedic Center LLC | 3557 Embassy Parkway | Akron | OH | 44333 | BDC+ | No | Hospital
18,1,10,Good Samaritan Hospital | 375 Dixmyth Ave | Cincinnati | OH | 45220-2475 | BDC | No | Hospital
18,1,11,Jewish Hospital | 4777 E Galbraith Rd | Cincinnati | OH | 45236-2725 | BDC | No | Hospital
18,1,12,Lake Hospital System | 7590 Auburn Rd | Concord Twp | OH | 44077-9176 | BDC | No | Hospital
18,1,13,Mercy Health St Vincent Medical Center | 2213 Cherry St | Toledo | OH | 43608-2603 | BDC | No | Hospital
18,1,14,Mercy Health West Hospital | 3300 Mercy Health Blvd | Cincinnati | OH | 45211-1103 | BDC | No | Hospital
18,1,15,Mercy Hospital Anderson | 7500 State Rd | Cincinnati | OH | 45255-2439 | BDC | No | Hospital
18,1,16,Mercy Hospital Fairfield | 3000 Mack Rd | Fairfield | OH | 45014-5335 | BDC | No | Hospital
18,1,17,Mercy St Anne Hospital | 3404 W Sylvania Ave | Toledo | OH | 43623-4467 | BDC+ | No | Hospital
18,1,18,Mercy St Charles Hospital | 2600 Navarre Ave | Oregon | OH | 43616-3207 | BDC | No | Hospital
18,1,19,Miami Valley Hospital | 1 Wyoming St | Dayton | OH | 45409-2722 | BDC+ | No | Hospital
18,1,20,Mount Carmel New Albany Surgical Hospital | 7333 Smiths Mill Rd | New Albany | OH | 43054-9291 | BDC | Yes | Hospital
18,1,21,St Anns Hospital | 500 S Cleveland Ave | Westerville | OH | 43081-8971 | BDC | Yes | Hospital
18,1,22,Toledo Hospital | 2142 N Cove Blvd | Toledo | OH | 43606-3895 | BDC | No | Hospital
18,1,23,Uh Ahuja Medical Center | 3999 Richmond Rd | Beachwood | OH | 44122-6046 | BDC+ | No | Hospital
18,1,24,Uh Elyria Medical Center | 630 E River St | Elyria | OH | 44035-5902 | BDC+ | No | Hospital
18,2,1,DESIGNATION
18,2,2,TYPE
18,3,1,CONSUMER
18,3,2,TRANSPARENCY1
18,4,1,CENTER
18,4,2,TYPE2
19,1,1,PROVIDER NAME | ADDRESS | CITY | STATE | ZIP CODE | DESIGNATION TYPE | CONSUMER TRANSPARENCY1 | CENTER TYPE2
19,1,2,Uh Parma Medical Center | 7007 Powers Blvd | Cleveland | OH | 44129-5437 | BDC | No | Hospital
19,1,3,Uh Regional Hospitals Geauga Campus | 13207 Ravenna Rd | Chardon | OH | 44024-7032 | BDC | No | Hospital
19,1,4,Uh Saint John Medical Center | 29000 Center Ridge Rd | Cleveland | OH | 44145-5219 | BDC+ | No | Hospital
19,1,5,West Chester Hospital | 7700 University Dr | West Chester | OH | 45069-2505 | BDC+ | No | Hospital
19,1,6,Wood County Hospital | 950 W Wooster St | Bowling Green | OH | 43402-2603 | BDC | No | Hospital
19,1,7,COMMUNITY HOSPITAL | 3100 SW 89th St | Oklahoma City | OK | 73159 | BDC | No | Hospital
19,1,8,MCBRIDE CLINIC ORTHOPEDIC HOSP | 9600 Broadway Ext | Oklahoma City | OK | 73114 | BDC+ | Yes | Hospital
19,1,9,Oklahoma Surgical Hospital LLC | 2408 E 81ST ST | TULSA | OK | 74137-4215 | BDC+ | No | Hospital
19,1,10,ST ANTHONY HOSPITAL | 1000 N Lee Ave | Oklahoma City | OK | 73102 | BDC+ | Yes | Hospital
19,1,11,Abington Memorial Hospital | 1200 Old York Road | Abington | PA | 19001 | BDC | No | Hospital
19,1,12,AHN Wexford Hospital | 12351 PERRY HIGHWAY | WEXFORD | PA | 15090 | BDC+ | Yes | Hospital
19,1,13,Allegheny General Hospital | 320 E North Ave | Pittsburgh | PA | 15212 | BDC | Yes | Hospital
19,1,14,Allegheny General Hospital | 320 E North Ave | Pittsburgh | PA | 15212 | BDC+ | Yes | Hospital
19,1,15,DOYLESTOWN HOSPITAL | 595 West State Street | Doylestown | PA | 18901 | BDC | No | Hospital
19,1,16,Ephrata Community Hospital | 169 Martin Ave | Ephrata | PA | 17522 | BDC+ | No | Hospital
19,1,17,Forbes Hospital | 2570 Haymaker Road | Monroeville | PA | 15146 | BDC | Yes | Hospital
19,1,18,Forbes Hospital | 2570 Haymaker Road | Monroeville | PA | 15146 | BDC+ | Yes | Hospital
19,1,19,Geisinger Community Med Ctr | 1800 Mulberry St | Scranton | PA | 18510 | BDC | No | Hospital
19,1,20,Geisinger Medical Center | 100 N Academy Ave | Danville | PA | 17822 | BDC | No | Hospital
19,1,21,Geisinger Wyoming Valley Medical Center | 1000 EAST MOUNTAIN BOULEVARD | WILKES BARRE | PA | 18711 | BDC | No | Hospital
19,1,22,HERITAGE VALLEY SEWICKLEY | 720 Blackburn Rd | Sewickley | PA | 15143 | BDC+ | Yes | Hospital
19,1,23,Jefferson Health Northeast | 380 North Oxford Valley Road | Langhorne | PA | 19047 | BDC+ | No | Hospital
19,1,24,Jefferson Regional Medical Center | 565 Coal Valley Road | Jefferson Hills | PA | 15025 | BDC | Yes | Hospital
19,2,1,DESIGNATION
19,2,2,TYPE
19,3,1,CONSUMER
19,3,2,TRANSPARENCY1
19,4,1,CENTER
19,4,2,TYPE2
20,1,1,PROVIDER NAME | ADDRESS | CITY | STATE | ZIP CODE | DESIGNATION TYPE | CONSUMER TRANSPARENCY1 | CENTER TYPE2
20,1,2,Jefferson Regional Medical Center | 565 Coal Valley Road | Jefferson Hills | PA | 15025 | BDC+ | Yes | Hospital
20,1,3,Lancaster General Hospital | 555 N Duke St | Lancaster | PA | 17602 | BDC | No | Hospital
20,1,4,Lancaster General Hospital | 555 N Duke St | Lancaster | PA | 17602 | BDC+ | No | Hospital
20,1,5,Lansdale Hospital | 100 Medical Campus Drive | Lansdale | PA | 19446 | BDC+ | No | Hospital
20,1,6,Lewistown Hospital | 400 Highland Ave | Lewistown | PA | 17044 | BDC | No | Hospital
20,1,7,MAIN LINE HOSPITALS INC - BRYN MAWR | 130 South Bryn Mawr Ave | Bryn Mawr | PA | 19010 | BDC | No | Hospital
20,1,8,OSS Orthopaedic Hospital LLC | 1861 Powder Mill Rd | York | PA | 17402 | BDC | No | Hospital
20,1,9,OSS Orthopaedic Hospital LLC | 1861 Powder Mill Rd | York | PA | 17402 | BDC+ | No | Hospital
20,1,10,Presbyterian Medical Center | 51 N 39th St | Philadelphia | PA | 19104 | BDC | No | Hospital
20,1,11,Riddle Memorial Hospital | 1068 West Baltimore Pk | Media | PA | 19063 | BDC | No | Hospital
20,1,12,Rothman Orthopaedic Specialty Hospital | 3300 Tillman Drive | Bensalem | PA | 19020 | BDC+ | No | Hospital
20,1,13,SAINT VINCENT HEALTH CENTER | 232 W 25th St | Erie | PA | 16544 | BDC | Yes | Hospital
20,1,14,SAINT VINCENT HEALTH CENTER | 232 W 25th St | Erie | PA | 16544 | BDC+ | Yes | Hospital
20,1,15,ST LUKES HOSPITAL ANDERSON CAMPUS | 1872 ST LUKES BOULEVARD | EASTON | PA | 18045 | BDC | No | Hospital
20,1,16,Thomas Jefferson University Hospitals Inc | 111 SOUTH 11TH STREET | PHILADELPHIA | PA | 19107 | BDC | No | Hospital
20,1,17,UPMC Hanover | 300 Highland Ave | Hanover | PA | 17331 | BDC | Yes | Hospital
20,1,18,UPMC Pinnacle Hospitals | 111 S Front St | Harrisburg | PA | 17101 | BDC | No | Hospital
20,1,19,UPMC Pinnacle Hospitals | 111 S Front St | Harrisburg | PA | 17101 | BDC+ | Yes | Hospital
20,1,20,UPMC Pinnacle Hospitals | 1995 Technology Pkwy | Mechanicsburg | PA | 17050 | BDC | Yes | Hospital
20,1,21,UPMC Pinnacle Hospitals | 4300 Londonderry Rd | Harrisburg | PA | 17109 | BDC | Yes | Hospital
20,1,22,Wellspan Gettysburg Hospital | 147 Gettys Street | Gettysburg | PA | 17325 | BDC | No | Hospital
20,1,23,WellSpan Chambersburg Hospital | 112 N 7th St | Chambersburg | PA | 17201 | BDC | No | Hospital
20,2,1,DESIGNATION
20,2,2,TYPE
20,3,1,CONSUMER
20,3,2,TRANSPARENCY1
20,4,1,CENTER
20,4,2,TYPE2
21,1,1,PROVIDER NAME | ADDRESS | CITY | STATE | ZIP CODE | DESIGNATION TYPE | CONSUMER TRANSPARENCY1 | CENTER TYPE2
21,1,2,WellSpan Surgery and Rehabilitation Hospital | 55 Monument Rd | York | PA | 17403 | BDC | No | Hospital
21,1,3,York Hospital | 1001 S George St | York | PA | 17405 | BDC | No | Hospital
21,1,4,ANMED HEALTH | 800 N FANT ST | ANDERSON | SC | 29621 | BDC | Yes | Hospital
21,1,5,BEAUFORT MEMORIAL HOSPITAL | 955 RIBAUT RD | BEAUFORT | SC | 29902 | BDC | No | Hospital
21,1,6,BON SECOURS ST FRANCIS XAVIER HOSPITA | 2095 Henry Tecklenburg Dr | Charleston | SC | 29414 | BDC | No | Hospital
21,1,7,CHAPIN ORTHOPEDIC SURGERY CENTER | 106 ELLETT RD | CHAPIN | SC | 29036 | BDC+ | Yes | ASC
21,1,8,Charleston Surgery Center | 2690 Lake Park Dr | North Charleston | SC | 29406 | BDC | No | ASC
21,1,9,Conway Medical Center | 300 Singleton Ridge Rd | Conway | SC | 29526 | BDC+ | No | Hospital
21,1,10,East Cooper Medical Center | 2000 HOSPITAL DR | MOUNT PLEASANT | SC | 29464 | BDC | No | Hospital
21,1,11,Grand Strand Regional Medical Center | 809 82ND PKWY | MYRTLE BEACH | SC | 29572 | BDC+ | No | Hospital
21,1,12,Hilton Head Hospital | 25 HOSPITAL CENTER BLVD | HILTON HEAD ISLAND | SC | 29926 | BDC | No | Hospital
21,1,13,Lexington Medical Center | 2720 Sunset Blvd | West Columbia | SC | 29169 | BDC | No | Hospital
21,1,14,Lowcountry Outpatient Surgery Center | 93 Springview Ln | Summerville | SC | 29485 | BDC+ | No | ASC
21,1,15,Medical University Hospital | 169 ASHLEY AVE | CHARLESTON | SC | 29425 | BDC | Yes | Hospital
21,1,16,Midlands Orthopaedics Surgery | 1930 Blanding St | Columbia | SC | 29201 | BDC+ | Yes | ASC
21,1,17,MURRELLS INLET ASC LLC | 3545 HIGHWAY 17 | MURRELLS INLET | SC | 29576 | BDC | No | ASC
21,1,18,MUSC HEALTH COLUMBIA MEDICAL CTR NE | 120 GATEWAY CORPORATE BLVD | COLUMBIA | SC | 29203 | BDC+ | Yes | Hospital
21,1,19,Pelham Medical Center | 250 WESTMORELAND RD | GREER | SC | 29651 | BDC | Yes | Hospital
21,1,20,Piedmont Medical Center | 222 Herlong Ave S | Rock Hill | SC | 29732 | BDC | No | Hospital
21,1,21,Prisma Health Baptist Hospital | 1330 TAYLOR ST | COLUMBIA | SC | 29201 | BDC | No | Hospital
21,1,22,Prisma Health Baptist Parkridge Hospita | 400 PALMETTO HEALTH PKWY | COLUMBIA | SC | 29212 | BDC+ | No | Hospital
21,2,1,DESIGNATION
21,2,2,TYPE
21,3,1,CONSUMER
21,3,2,TRANSPARENCY1
21,4,1,CENTER
21,4,2,TYPE2
22,1,1,PROVIDER NAME | ADDRESS | CITY | STATE | ZIP CODE | DESIGNATION TYPE | CONSUMER TRANSPARENCY1 | CENTER TYPE2
22,1,2,PRISMA HEALTH PATEWOOD HOSP | 175 PATEWOOD DR | GREENVILLE | SC | 29615 | BDC | No | Hospital
22,1,3,Rock Hill Hospital Piedmont Medical Net | 1000 Wellness Way | Fort Mill | SC | 29715 | BDC | No | Hospital
22,1,4,Self Regional Healthcare Otpt Svcs | 1325 SPRING ST | GREENWOOD | SC | 29646 | BDC | Yes | Hospital
22,1,5,Spartanburg Surgery Center | 391 Serpentine Dr | Spartanburg | SC | 29303 | BDC+ | Yes | ASC
22,1,6,ST FRANCIS HOSPITAL INC | 1 SAINT FRANCIS DR | GREENVILLE | SC | 29601 | BDC | No | Hospital
22,1,7,Waccamaw Community Hospital | 4070 Highway 17 | Murrells Inlet | SC | 29576 | BDC | Yes | Hospital
22,1,8,Sioux Falls Specialty Hospital | 910 E 20Th St | Sioux Falls | SD | 57105-1012 | BDC+ | Yes | Hospital
22,1,9,Ascension Saint Thomas Hospital | 4220 Harding Pike | Nashville | TN | 37205-9998 | BDC | No | Hospital
22,1,10,Ascension Saint Thomas Rutherford Hospital | 1700 Medical Center Pkwy | Murfreesboro | TN | 37129 | BDC | No | Hospital
22,1,11,Baptist Memorial Hospital Memphis | 1500 W Poplar Ave | Collierville | TN | 38017 | BDC | Yes | Hospital
22,1,12,Baptist Memorial Hospital Memphis | 6019 Walnut Grove Rd | Memphis | TN | 38120 | BDC | Yes | Hospital
22,1,13,Erlanger Health | 975 E 3rd St | CHATTANOOGA | TN | 37403-2147 | BDC+ | Yes | Hospital
22,1,14,Fort Sanders Regional Medical Center | 1901 W Clinch Ave | Knoxville | TN | 37916 | BDC | No | Hospital
22,1,15,Memorial Hospital | 2525 DeSales Ave | Chattanooga | TN | 37404 | BDC+ | No | Hospital
22,1,16,Methodist Medical Center of Oak Ridge | 990 Oak Ridge Tpke | Oak Ridge | TN | 37830 | BDC+ | No | Hospital
22,1,17,Parkridge Medical Center | 2333 McCallie Ave | Chattanooga | TN | 37404-9998 | BDC | No | Hospital
22,1,18,Parkwest Medical Center | 9352 Park West Blvd | Knoxville | TN | 37923-4387 | BDC+ | No | Hospital
22,1,19,Semmes Murphey Surgery Center | 6325 Humphreys Blvd 2nd Floor | Memphis | TN | 38120 | BDC | No | ASC
22,1,20,TriStar Stonecrest Medical Center | 200 StoneCrest Blvd | Smyrna | TN | 37167 | BDC | No | Hospital
22,1,21,TriStar Summit Medical Center | 5655 Frist Blvd | Hermitage | TN | 37076 | BDC | No | Hospital
22,1,22,University of Tennessee Medical Center | 1924 Alcoa Hwy | Knoxville | TN | 37920-9998 | BDC+ | No | Hospital
22,1,23,Ascension Seton Hays | 6001 KYLE PKWY | KYLE | TX | 78640-6112 | BDC | Yes | Hospital
22,1,24,Ascension Seton Med Center Austin | 1201 WEST 38TH STREET | AUSTIN | TX | 78705-0000 | BDC | Yes | Hospital
22,2,1,DESIGNATION
22,2,2,TYPE
22,3,1,CONSUMER
22,3,2,TRANSPARENCY1
22,4,1,CENTER
22,4,2,TYPE2
23,1,1,PROVIDER NAME | ADDRESS | CITY | STATE | ZIP CODE | DESIGNATION TYPE | CONSUMER TRANSPARENCY1 | CENTER TYPE2
23,1,2,ASCENSION PROVIDENCE | 6901 MEDICAL PKWY | WACO | TX | 76712-7910 | BDC+ | Yes | Hospital
23,1,3,ASCENSION SETON WILLIAMSON | 201 SETON PKWY | ROUND ROCK | TX | 78665-2268 | BDC | Yes | Hospital
23,1,4,B S & W MEDICAL CENTER UPTOWN | 2727 E Lemmon Ave | Dallas | TX | 75204-2833 | BDC+ | No | Hospital
23,1,5,Baylor University Medical Center | 3500 GASTON AVE | DALLAS | TX | 75246-2017 | BDC | No | Hospital
23,1,6,BAYLOR SURGICAL HOSP LAS COLINAS | 400 Lyndon B Johnson Fwy | Irving | TX | 75063-3718 | BDC | No | Hospital
23,1,7,Bs&W Surgical Hospital Fort Worth | 1800 PARK PLACE AVE | FORT WORTH | TX | 76110-1302 | BDC | No | Hospital
23,1,8,BS&W MEDICAL CENTER FRISCO | 5601 Warren Pkwy | Frisco | TX | 75034-4069 | BDC | No | Hospital
23,1,9,BS&W MEDICAL CENTER MCKINNEY | 5252 W UNIVERSITY DR | MCKINNEY | TX | 75071-7822 | BDC | No | Hospital
23,1,10,BS&W MEDICAL CENTER ROUND ROCK | 300 UNIVERSITY BLVD | ROUND ROCK | TX | 78665-1032 | BDC+ | No | Hospital
23,1,11,BS&W TEXAS SPINE & JOINT HOSPITAL | 1814 ROSELAND BLVD | TYLER | TX | 75701-4234 | BDC+ | No | Hospital
23,1,12,Chi St Lukes Hlth Baylor Coll Med | 6720 BERTNER STREET | HOUSTON | TX | 77225-0000 | BDC+ | No | Hospital
23,1,13,Chi St Lukes The Woodlands Hsptl | 17200 ST LUKES WAY | THE WOODLANDS | TX | 77384-0000 | BDC | No | Hospital
23,1,14,Christus Mother Frances Tyler | 800 East Dawson | Tyler | TX | 75701-0000 | BDC+ | No | Hospital
23,1,15,DOCTORS HOSPITAL AT RENAISSANCE | 5501 S MCCOLL ROAD | EDINBURG | TX | 78539-0000 | BDC+ | No | Hospital
23,1,16,EMINENT MEDICAL CENTER OPERATING | 1351 W Pres George Bush Hwy | Richardson | TX | 75080-1133 | BDC | No | Hospital
23,1,17,HENDRICK MEDICAL CENTER | 1900 PINE | ABILENE | TX | 79601-0000 | BDC+ | No | Hospital
23,1,18,HOUSTON METHODIST BAYTOWN HOSP | 4401 GARTH ROAD | BAYTOWN | TX | 77521-2122 | BDC | No | Hospital
23,1,19,HOUSTON METHODIST HOSPITAL | 6565 Fannin St | Houston | TX | 77030-2703 | BDC | No | Hospital
23,1,20,HOUSTON METHODIST SUGAR LAND HOSP | 16655 Southwest Fwy | Sugar Land | TX | 77479 | BDC | No | Hospital
23,1,21,HOUSTON METHODIST THE WOODLANDS | 17201 Interstate 45 S | Shenandoah | TX | 77385 | BDC | Yes | Hospital
23,1,22,HOUSTON METHODIST WEST HOSPITAL | 18500 Katy Fwy | Houston | TX | 77094 | BDC | No | Hospital
23,1,23,HOUSTON METHODIST WILLOWBROOK | 18220 STATE HIGHWAY 249 | HOUSTON | TX | 77070-4347 | BDC | Yes | Hospital
23,2,1,DESIGNATION
23,2,2,TYPE
23,3,1,CONSUMER
23,3,2,TRANSPARENCY1
23,4,1,CENTER
23,4,2,TYPE2
24,1,1,PROVIDER NAME | ADDRESS | CITY | STATE | ZIP CODE | DESIGNATION TYPE | CONSUMER TRANSPARENCY1 | CENTER TYPE2
24,1,2,Legent Hospital for Special Sx | 4100 MAPLESHADE LN | PLANO | TX | 75093-0012 | BDC | Yes | Hospital
24,1,3,LEGENT N HOUSTON SURGICAL HOSP | 24429 TOMBALL PKWY | TOMBALL | TX | 77375-8214 | BDC | Yes | Hospital
24,1,4,LEGENT ORTHOPEDIC HOSPITAL | 1401 E TRINITY MILLS ROAD | CARROLLTON | TX | 75006-1442 | BDC | Yes | Hospital
24,1,5,LEGENT OUTPATIENT SX AUSTIN | 3107 OAK CREEK DR | AUSTIN | TX | 78727-3025 | BDC | Yes | ASC
24,1,6,LEGENT OUTPATIENT SX CORPUS CH | 5734 SPOHN DR | CORPUS CHRISTI | TX | 78414-4116 | BDC | No | ASC
24,1,7,Medical City Dallas | 7777 Forest Ln | Dallas | TX | 75230 | BDC | No | Hospital
24,1,8,MEMORIAL HERMANN SW HOSPITAL | 7600 BEECHNUT ST | HOUSTON | TX | 77074-4302 | BDC | No | Hospital
24,1,9,Methodist Richardson Medical Ctr | 2831 E President George Bush Hwy | Richardson | TX | 75082 | BDC | No | Hospital
24,1,10,Methodist Southlake Hospital | 421 E St Highway 114 | Southlake | TX | 76092 | BDC | Yes | Hospital
24,1,11,METHODIST HOSPITAL FOR SURGERY | 17101 Dallas Parkway | Addison | TX | 75001-7103 | BDC | No | Hospital
24,1,12,METHODIST MANSFIELD MEDICAL CTR | 2700 E Broad St | Mansfield | TX | 76063-5899 | BDC+ | Yes | Hospital
24,1,13,Midland Memorial Hospital | 400 Rosalind Redfern | Midland | TX | 79701-5846 | BDC | No | Hospital
24,1,14,North Central Surgical Center | 9301 N CENTRAL EXPY STE 100 | DALLAS | TX | 75231-0802 | BDC | No | Hospital
24,1,15,NORTH CENTRAL BAPTIST HOSPITAL | 520 Madison Oak Dr | San Antonio | TX | 78258-0000 | BDC | No | Hospital
24,1,16,PHYSICIANS SURGICAL HOSPITALS LLC | 6819 Plum Creek Dr | Amarillo | TX | 79124 | BDC+ | No | Hospital
24,1,17,SOUTH TEXAS SPINE & SURGICAL HOSP | 18600 N Hardy Oaks Blvd | San Antonio | TX | 78258-0000 | BDC+ | No | Hospital
24,1,18,Texas Health Hospital Frisco | 12400 DALLAS PKWY | FRISCO | TX | 75033-4224 | BDC | No | Hospital
24,1,19,Texas Health Orthopedic Surgery | 9848 N BEACH STREET | FORT WORTH | TX | 76244-6184 | BDC | No | ASC
24,1,20,TEXAS ORTHOPEDIC HOSPITAL | 7401 SOUTH MAIN STREET | HOUSTON | TX | 77030-0000 | BDC | No | Hospital
24,1,21,Texoma Medical Center | 5016 S US Highway 75 | Denison | TX | 75020 | BDC+ | No | Hospital
24,1,22,TX Health Arlington Memorial Hosp | 800 WEST RANDOL MILL | ARLINGTON | TX | 76012-2504 | BDC | No | Hospital
24,1,23,TX Health Harris Meth Hosp SW Fw | 6100 HARRIS PARKWAY | FORT WORTH | TX | 76132-0000 | BDC | No | Hospital
24,2,1,DESIGNATION
24,2,2,TYPE
24,3,1,CONSUMER
24,3,2,TRANSPARENCY1
24,4,1,CENTER
24,4,2,TYPE2
25,1,1,PROVIDER NAME | ADDRESS | CITY | STATE | ZIP CODE | DESIGNATION TYPE | CONSUMER TRANSPARENCY1 | CENTER TYPE2
25,1,2,TX Health Presby Hosp Rockwall | 3150 HORIZON ROAD | ROCKWALL | TX | 75032-7805 | BDC | No | Hospital
25,1,3,TX Hlth Harris Meth Southlake | 1545 East Southlake Blvd | Southlake | TX | 76092-6422 | BDC | No | Hospital
25,1,4,TX Hlth Presby Hosp Flower Mound | 4400 Long Prairie Rd | Flower Mound | TX | 75028-1892 | BDC | No | Hospital
25,1,5,TX Hlth Presbyterian Hosp Denton | 3000 N INTERSTATE 35 | DENTON | TX | 76201-5119 | BDC | No | Hospital
25,1,6,USMD Hospital at Arlington LP | 801 W Interstate 20 | Arlington | TX | 76017-5851 | BDC | No | Hospital
25,1,7,UT Southwestern University Hosp | 6201 Harry Hines Blvd | Dallas | TX | 75235 | BDC | Yes | Hospital
25,1,8,Holy Cross Hospital- Jordan Valley | 3580 W 9000 S | West Jordan | UT | 84088-8812 | BDC | No | Hospital
25,1,9,MOUNTAIN POINT MEDICAL CENTER | 3000 N Triumph Blvd | Lehi | UT | 84043-4999 | BDC+ | No | Hospital
25,1,10,OGDEN REGIONAL MEDICAL CENTER | 5475 S 500 E | Ogden | UT | 84405-6905 | BDC | No | Hospital
25,1,11,UNIVERSITY HOSPITAL | 50 N Medical Dr | Salt Lake City | UT | 84132-0001 | BDC+ | Yes | Hospital
25,1,12,Augusta Health | 78 Medical Center Dr | FISHERSVILLE | VA | 22939-2332 | BDC | Yes | Hospital
25,1,13,Bon Secours Maryview Hospital | 3636 High St | Portsmouth | VA | 23707-3236 | BDC | No | Hospital
25,1,14,Bon Secours St Francis Medical Center | 13710 St Francis Blvd | Midlothian | VA | 23114-3267 | BDC | No | Hospital
25,1,15,Bon Secours St Marys Hospital of Richmond | 5801 Bremo Rd | Richmond | VA | 23226-1907 | BDC | No | Hospital
25,1,16,Bon Secoursmemorial Regional Medical Center | 8260 Atlee Rd | Mechanicsvlle | VA | 23116-1844 | BDC | No | Hospital
25,1,17,FAIRFAX HOSPITAL | 3300 GALLOWS ROAD | Falls Church | VA | 22042 | BDC | No | Hospital
25,1,18,Martha Jefferson Hospital Sentara | 500 Martha Jefferson Dr | Charlottesville | VA | 22911-4668 | BDC+ | No | Hospital
25,1,19,Mary Immaculate Hospital | 2 Bernardine Dr | Newport News | VA | 23602-4404 | BDC+ | No | Hospital
25,1,20,Potomac Hospital Corporation of Prince William | 2300 Opitz Blvd | Woodbridge | VA | 22191-3311 | BDC | No | Hospital
25,1,21,Riverside Regional Medical Center | 500 J Clyde Morris Blvd | Newport News | VA | 23601-1929 | BDC | No | Hospital
25,1,22,Sentara Careplex Hospital | 3000 Coliseum Dr | Hampton | VA | 23666-5963 | BDC | No | Hospital
25,1,23,Sentara Obici Hospital | 2800 Godwin Blvd | Suffolk | VA | 23434-8038 | BDC | No | Hospital
25,2,1,DESIGNATION
25,2,2,TYPE
25,3,1,CONSUMER
25,3,2,TRANSPARENCY1
25,4,1,CENTER
25,4,2,TYPE2
26,1,1,PROVIDER NAME | ADDRESS | CITY | STATE | ZIP CODE | DESIGNATION TYPE | CONSUMER TRANSPARENCY1 | CENTER TYPE2
26,1,2,Sentara Princess Anne Hospital | 2025 Glenn Mitchell Dr | Virginia Beach | VA | 23456-0178 | BDC+ | No | Hospital
26,1,3,Sentara Rmh Medical Center | 2010 Health Campus Dr | Harrisonburg | VA | 22801-8679 | BDC | No | Hospital
26,1,4,RUTLAND REGIONAL MEDICAL CENTER | 160 Allen St | Rutland | VT | 05701-0000 | BDC | No | Hospital
26,1,5,Harborview Medical Center | 325 9th Ave | Seattle | WA | 98104-2420 | BDC | Yes | Hospital
26,1,6,KING COUNTY PUBLIC HOSPITAL | 12040 NE 128Th St | Kirkland | WA | 98034-3013 | BDC+ | No | Hospital
26,1,7,LEGACY SALMON CREEK HOSPITAL | 2211 NE 139Th St | Vancouver | WA | 98686-2742 | BDC | No | Hospital
26,1,8,University of Washington Medical Center | 1959 NE Pacific St | Seattle | WA | 98195-0001 | BDC | Yes | Hospital
26,1,9,University of Washington Medical Center | 1959 NE Pacific St | Seattle | WA | 98195-0001 | BDC+ | Yes | Hospital
26,1,10,UW MEDICAL CENTER NORTHWEST | 1550 N 115Th St | Seattle | WA | 98133-8401 | BDC | Yes | Hospital
26,1,11,UW MEDICAL CENTER NORTHWEST | 1550 N 115Th St | Seattle | WA | 98133-8401 | BDC+ | No | Hospital
26,1,12,Valley Medical Center | 400 S 43Rd St | Renton | WA | 98055-5714 | BDC+ | No | Hospital
26,1,13,Aurora Baycare Medical Center | 2845 Greenbrier Rd | Green Bay | WI | 54311-6519 | BDC | No | Hospital
26,1,14,Aurora Health Care Metro | 945 N 12th St | Milwaukee | WI | 53233-1305 | BDC | No | Hospital
26,1,15,Aurora Medical Center | 10400 75th St | Kenosha | WI | 53142-7884 | BDC | No | Hospital
26,1,16,Aurora Medical Center Grafton | 975 Port Washington Rd | Grafton | WI | 53024-9201 | BDC | No | Hospital
26,1,17,Aurora Medical Center Oshkosh | 855 N Westhaven Dr | Oshkosh | WI | 54904-7668 | BDC+ | No | Hospital
26,1,18,Aurora Medical Center Summit | 36500 Aurora Dr | Summit | WI | 53066-4899 | BDC | No | Hospital
26,1,19,Aurora Medical Center Washington County | 1032 E Sumner St | Hartford | WI | 53027-1608 | BDC | No | Hospital
26,1,20,Aurora Sheboygan Memorial Medical Center | 3400 Union Ave | Sheboygan | WI | 53081-8426 | BDC | No | Hospital
26,1,21,Aurora St Lukes Medical Center | 2900 W Oklahoma Ave | Milwaukee | WI | 53215-4330 | BDC | No | Hospital
26,1,22,Aurora West Allis Medical Ctr | 8901 W Lincoln Ave | West Allis | WI | 53227-2409 | BDC | No | Hospital
26,2,1,DESIGNATION
26,2,2,TYPE
26,3,1,CONSUMER
26,3,2,TRANSPARENCY1
26,4,1,CENTER
26,4,2,TYPE2
27,1,1,PROVIDER NAME | ADDRESS | CITY | STATE | ZIP CODE | DESIGNATION TYPE | CONSUMER TRANSPARENCY1 | CENTER TYPE2
27,1,2,Community Memorial Hospital | W180N8085 Town Hall Rd | Menomonee Falls | WI | 53051-3518 | BDC | No | Hospital
27,1,3,Mayo Clinic Health System | 700 West Ave S | La Crosse | WI | 54601-4783 | BDC | No | Hospital
27,1,4,Mchs Eau Claire Luther Campus | 1221 Whipple St | Eau Claire | WI | 54703-5270 | BDC | No | Hospital
27,1,5,Orthopaedic Surgery Center | N15W28300 Golf Rd | Pewaukee | WI | 53072-4800 | BDC+ | Yes | ASC
27,1,6,Uw Health University Hospital | 4602 Eastpark Blvd | Madison | WI | 53718-2002 | BDC | Yes | Hospital
27,1,7,Uw Health University Hospital | 600 Highland Ave | Madison | WI | 53792-0001 | BDC | Yes | Hospital
27,1,8,Berkeley Medical Center | 2500 Hospital Drive | Martinsburg | WV | 25401 | BDC+ | No | Hospital
27,1,9,United Hospital Center | 327 MEDICAL PARK DRIVE | BRIDGEPORT | WV | 26330 | BDC+ | Yes | Hospital
27,1,10,West Virginia University Hospitals Inc | 1 Medical Center Drive | Morgantown | WV | 26506 | BDC | Yes | Hospital
27,1,11,Wheeling Hospital Inc | 1 Medical Park | Wheeling | WV | 26003 | BDC+ | Yes | Hospital
27,2,1,DESIGNATION
27,2,2,TYPE
27,3,1,CONSUMER
27,3,2,TRANSPARENCY1
27,4,1,CENTER
27,4,2,TYPE2
